Player,Country,1975,1979,1983,1987,1992,1996,1999,2003,2007,2011,2015,2019
Martin Snedden,New Zealand,0,0,61,157,0,0,0,0,0,0,0,0
John Wright,New Zealand,0,166,83,173,71,0,0,0,0,0,0,0
Martin Crowe,New Zealand,0,0,202,222,456,0,0,0,0,0,0,0
Andrew Jones,New Zealand,0,0,0,94,322,0,0,0,0,0,0,0
Jeffrey Crowe,New Zealand,0,0,40,180,0,0,0,0,0,0,0,0
Dipak Patel,New Zealand,0,0,0,58,25,14,0,0,0,0,0,0
John Bracewell,New Zealand,0,0,41,39,0,0,0,0,0,0,0,0
Ian Smith,New Zealand,0,0,8,69,61,0,0,0,0,0,0,0
Stephen Boock,New Zealand,0,0,0,19,0,0,0,0,0,0,0,0
Ewen Chatfield,New Zealand,0,3,37,5,0,0,0,0,0,0,0,0
Willie Watson,New Zealand,0,0,0,24,5,0,0,0,0,0,0,0
Robin Brown,Zimbabwe,0,0,93,17,0,0,0,0,0,0,0,0
Ali Omarshah,Zimbabwe,0,0,26,80,160,0,0,0,0,0,0,0
David Houghton,Zimbabwe,0,0,176,226,165,0,0,0,0,0,0,0
Andrew Pycroft,Zimbabwe,0,0,71,174,50,0,0,0,0,0,0,0
Kevin Curran,Zimbabwe,0,0,212,75,0,0,0,0,0,0,0,0
Andrew Waller,Zimbabwe,0,0,0,125,192,159,0,0,0,0,0,0
Grant Paterson,Zimbabwe,0,0,99,24,0,0,0,0,0,0,0,0
Peter Rawson,Zimbabwe,0,0,24,56,0,0,0,0,0,0,0,0
Iain Butchart,Zimbabwe,0,0,82,98,60,0,0,0,0,0,0,0
Eddo Brandes,Zimbabwe,0,0,0,21,71,7,21,0,0,0,0,0
Athanasios Traicos,Zimbabwe,0,0,25,10,35,0,0,0,0,0,0,0
Mansoor Akhtar,Pakistan,0,0,9,99,0,0,0,0,0,0,0,0
Ramiz Raja,Pakistan,0,0,0,349,348,2,0,0,0,0,0,0
Saleem Malik,Pakistan,0,0,0,323,99,133,19,0,0,0,0,0
Javed Miandad,Pakistan,52,46,220,274,434,54,0,0,0,0,0,0
Ijaz Ahmed,Pakistan,0,0,0,129,14,197,176,0,0,0,0,0
Imran Khan,Pakistan,9,42,283,147,185,0,0,0,0,0,0,0
Wasim Akram,Pakistan,0,0,0,85,61,60,148,71,0,0,0,0
Saleem Yousuf,Pakistan,0,0,0,112,0,0,0,0,0,0,0,0
Abdul Qadir,Pakistan,0,0,62,56,0,0,0,0,0,0,0,0
Tausif Ahmed,Pakistan,0,0,0,1,0,0,0,0,0,0,0,0
Salim Jaffer,Pakistan,0,0,0,9,0,0,0,0,0,0,0,0
Graham Gooch,England,0,210,0,471,213,0,0,0,0,0,0,0
Chris Broad,England,0,0,0,67,0,0,0,0,0,0,0,0
Tim Robinson,England,0,0,0,142,0,0,0,0,0,0,0,0
Mike Gatting,England,0,0,83,354,0,0,0,0,0,0,0,0
Allan Lamb,England,0,0,278,299,79,0,0,0,0,0,0,0
Derek Pringle,England,0,0,0,20,30,0,0,0,0,0,0,0
John Emburey,England,0,0,0,96,0,0,0,0,0,0,0,0
Paul Downton,England,0,0,0,19,0,0,0,0,0,0,0,0
Phillip De Freitas,England,0,0,0,79,16,89,0,0,0,0,0,0
Neil Foster,England,0,0,0,42,0,0,0,0,0,0,0,0
Gladstone Small,England,0,0,0,3,5,0,0,0,0,0,0,0
Geoff Marsh,Australia,0,0,0,428,151,0,0,0,0,0,0,0
David Boon,Australia,0,0,0,447,368,0,0,0,0,0,0,0
Dean Jones,Australia,0,0,0,314,276,0,0,0,0,0,0,0
Allan Border,Australia,0,59,150,183,60,0,0,0,0,0,0,0
Steve Waugh,Australia,0,0,0,167,187,226,398,0,0,0,0,0
Simon O'Donnell,Australia,0,0,0,15,0,0,0,0,0,0,0,0
Gregory Dyer,Australia,0,0,0,50,0,0,0,0,0,0,0,0
Peter Taylor,Australia,0,0,0,17,17,0,0,0,0,0,0,0
Craig McDermott,Australia,0,0,0,34,9,0,0,0,0,0,0,0
Tim May,Australia,0,0,0,16,0,0,0,0,0,0,0,0
Bruce Reid,Australia,0,0,0,1,9,0,0,0,0,0,0,0
Malcolm Jarvis,Zimbabwe,0,0,0,9,28,0,0,0,0,0,0,0
Desmond Haynes,West Indies,0,144,240,219,251,0,0,0,0,0,0,0
Carlisle Best,West Indies,0,0,0,23,0,0,0,0,0,0,0,0
Richie Richardson,West Indies,0,0,0,271,132,236,0,0,0,0,0,0
Sir Viv Richards,West Indies,38,217,367,391,0,0,0,0,0,0,0,0
Gus Logie,West Indies,0,0,0,181,101,0,0,0,0,0,0,0
Roger Harper,West Indies,0,0,0,37,3,78,0,0,0,0,0,0
Carl Hooper,West Indies,0,0,0,42,120,0,0,54,0,0,0,0
Jeff Dujon,West Indies,0,0,53,59,0,0,0,0,0,0,0,0
Winston Benjamin,West Indies,0,0,0,15,54,0,0,0,0,0,0,0
Courtney Walsh,West Indies,0,0,0,18,0,13,6,0,0,0,0,0
Balfour Patterson,West Indies,0,0,0,4,0,0,0,0,0,0,0,0
Roshan Mahanama,Sri Lanka,0,0,0,134,246,22,136,0,0,0,0,0
Brendon Kuruppu,Sri Lanka,0,0,182,69,0,0,0,0,0,0,0,0
Asanka Gurusinha,Sri Lanka,0,0,0,108,73,306,0,0,0,0,0,0
Aravinda de Silva,Sri Lanka,0,0,0,101,175,382,73,267,0,0,0,0
Arjuna Ranatunga,Sri Lanka,0,0,80,252,262,206,134,0,0,0,0,0
Duleep Mendis,Sri Lanka,40,78,158,136,0,0,0,0,0,0,0,0
Ranjan Madugalle,Sri Lanka,0,4,104,85,0,0,0,0,0,0,0,0
Ravi Ratnayeke,Sri Lanka,0,0,0,52,0,0,0,0,0,0,0,0
Ashantha De Mel,Sri Lanka,0,0,66,0,0,0,0,0,0,0,0,0
Vinothen John,Sri Lanka,0,0,35,11,0,0,0,0,0,0,0,0
Sangarange Anurasiri,Sri Lanka,0,0,0,0,21,0,0,0,0,0,0,0
Kris Srikkanth,India,0,0,156,248,116,0,0,0,0,0,0,0
Sunil Gavaskar,India,113,89,59,300,0,0,0,0,0,0,0,0
Navjot Sidhu,India,0,0,0,276,0,175,0,0,0,0,0,0
Dillip Vengsarkar,India,0,44,37,171,0,0,0,0,0,0,0,0
Mohammad Azharuddin,India,0,0,0,190,332,143,161,0,0,0,0,0
Ravishankar Shastri,India,0,0,40,63,82,0,0,0,0,0,0,0
Kapil Dev,India,0,53,303,152,161,0,0,0,0,0,0,0
Manoj Prabhakar,India,0,0,0,23,11,11,0,0,0,0,0,0
Kiran More,India,0,0,0,59,41,0,0,0,0,0,0,0
Laxman Sivaramakrishnan,India,0,0,0,0,0,0,0,0,0,0,0,0
Maninder Singh,India,0,0,0,4,0,0,0,0,0,0,0,0
Ken Rutherford,New Zealand,0,0,0,204,212,0,0,0,0,0,0,0
Philip Simmons,West Indies,0,0,0,170,153,0,13,0,0,0,0,0
Eldine Baptiste,West Indies,0,0,0,14,0,0,0,0,0,0,0,0
Charles Athey,England,0,0,0,211,0,0,0,0,0,0,0,0
Edward Hemmings,England,0,0,0,4,0,0,0,0,0,0,0,0
Rumesh Ratnayake,Sri Lanka,0,0,54,27,0,0,0,0,0,0,0,0
Kevin Arnott,Zimbabwe,0,0,0,112,94,0,0,0,0,0,0,0
Babu Meman,Zimbabwe,0,0,0,19,0,0,0,0,0,0,0,0
Tom Moody,Australia,0,0,0,10,202,0,117,0,0,0,0,0
Sridharan Jeganathan,Sri Lanka,0,0,0,24,0,0,0,0,0,0,0,0
Chetan Sharma,India,0,0,0,0,0,0,0,0,0,0,0,0
Andris Zesers,Australia,0,0,0,10,0,0,0,0,0,0,0,0
Manzoor Elahi,Pakistan,0,0,0,4,0,0,0,0,0,0,0,0
Michael Veletta,Australia,0,0,0,136,0,0,0,0,0,0,0,0
Roy Dias,Sri Lanka,0,75,150,85,0,0,0,0,0,0,0,0
Mudassar Nazar,Pakistan,0,3,106,40,0,0,0,0,0,0,0,0
Shoaib Mohammad,Pakistan,0,0,0,0,0,0,0,0,0,0,0,0
Chandrakant Pandit,India,0,0,0,24,0,0,0,0,0,0,0,0
Philip Horne,New Zealand,0,0,0,18,0,0,0,0,0,0,0,0
Danny Morrison,New Zealand,0,0,0,0,12,15,0,0,0,0,0,0
Roger Binny,India,0,0,73,0,0,0,0,0,0,0,0,0
Chris Gayle,West Indies,0,0,0,0,0,0,0,206,228,170,340,107
Evin Lewis,West Indies,0,0,0,0,0,0,0,0,0,0,0,3
Shai Hope,West Indies,0,0,0,0,0,0,0,0,0,0,0,90
Nicholas Pooran,West Indies,0,0,0,0,0,0,0,0,0,0,0,137
Shimron Hetmeyer,West Indies,0,0,0,0,0,0,0,0,0,0,0,67
Jason Holder,West Indies,0,0,0,0,0,0,0,0,0,0,155,60
Andre Russell,West Indies,0,0,0,0,0,0,0,0,0,52,104,36
Carlos Brathwaite,West Indies,0,0,0,0,0,0,0,0,0,0,0,30
Sheldon Cottrell,West Indies,0,0,0,0,0,0,0,0,0,0,0,1
Oshane Thomas,West Indies,0,0,0,0,0,0,0,0,0,0,0,0
Shannon Gabriel,West Indies,0,0,0,0,0,0,0,0,0,0,0,0
Jonny Bairstow,England,0,0,0,0,0,0,0,0,0,0,0,128
Joe Root,England,0,0,0,0,0,0,0,0,0,0,202,279
Chris Woakes,England,0,0,0,0,0,0,0,0,0,0,90,92
Ben Stokes,England,0,0,0,0,0,0,0,0,0,0,0,118
Jason Roy,England,0,0,0,0,0,0,0,0,0,0,0,215
Eoin Morgan,England,0,0,0,0,0,0,0,0,91,120,90,101
Jos Butler,England,0,0,0,0,0,0,0,0,0,0,141,185
Liam Plunkett,England,0,0,0,0,0,0,0,0,31,0,0,36
Jofra Archer,England,0,0,0,0,0,0,0,0,0,0,0,8
Adil Rashid,England,0,0,0,0,0,0,0,0,0,0,0,3
Mark Wood,England,0,0,0,0,0,0,0,0,0,0,0,10
Moeen Ali,England,0,0,0,0,0,0,0,0,0,0,192,22
Quinton de Kock,South Africa,0,0,0,0,0,0,0,0,0,0,145,101
Hashim Amla,South Africa,0,0,0,0,0,0,0,0,0,306,333,19
Aiden Markram,South Africa,0,0,0,0,0,0,0,0,0,0,0,56
Faf du Plessis,South Africa,0,0,0,0,0,0,0,0,0,159,380,105
Rassie van der Dussen,South Africa,0,0,0,0,0,0,0,0,0,0,0,113
Jean-Paul Duminy,South Africa,0,0,0,0,0,0,0,0,0,224,164,56
Dwaine Pretorius,South Africa,0,0,0,0,0,0,0,0,0,0,0,1
Andile Phehlukwayo,South Africa,0,0,0,0,0,0,0,0,0,0,0,66
Kagiso Rabada,South Africa,0,0,0,0,0,0,0,0,0,0,0,55
Lungisani Ngidi,South Africa,0,0,0,0,0,0,0,0,0,0,0,6
Imran Tahir,South Africa,0,0,0,0,0,0,0,0,0,1,8,10
Imam-ul-Haq,Pakistan,0,0,0,0,0,0,0,0,0,0,0,99
Fakhar Zaman,Pakistan,0,0,0,0,0,0,0,0,0,0,0,58
Babar Azam,Pakistan,0,0,0,0,0,0,0,0,0,0,0,115
Haris Sohail,Pakistan,0,0,0,0,0,0,0,0,0,0,177,8
Sarfraz Ahmed,Pakistan,0,0,0,0,0,0,0,0,0,0,160,103
Mohammad Hafeez,Pakistan,0,0,0,0,0,0,0,0,15,215,0,146
Imad Wasim,Pakistan,0,0,0,0,0,0,0,0,0,0,0,1
Shadab Khan,Pakistan,0,0,0,0,0,0,0,0,0,0,0,10
Hasan Ali,Pakistan,0,0,0,0,0,0,0,0,0,0,0,43
Wahab Riaz,Pakistan,0,0,0,0,0,0,0,0,0,8,83,67
Mohammad Amir,Pakistan,0,0,0,0,0,0,0,0,0,0,0,3
Darren Bravo,West Indies,0,0,0,0,0,0,0,0,0,139,49,0
Ashley Nurse,West Indies,0,0,0,0,0,0,0,0,0,0,0,19
Lahiru Thirimanne,Sri Lanka,0,0,0,0,0,0,0,0,0,0,302,29
Dimuth Karunaratne,Sri Lanka,0,0,0,0,0,0,0,0,0,0,37,82
Kusal Perera,Sri Lanka,0,0,0,0,0,0,0,0,0,0,27,107
Kusal Mendis,Sri Lanka,0,0,0,0,0,0,0,0,0,0,0,2
Dhananjaya de Silva,Sri Lanka,0,0,0,0,0,0,0,0,0,0,0,4
Angelo Mathews,Sri Lanka,0,0,0,0,0,0,0,0,0,94,195,0
Jeevan Mendis,Sri Lanka,0,0,0,0,0,0,0,0,0,0,13,1
Thisara Perera,Sri Lanka,0,0,0,0,0,0,0,0,0,44,62,29
Isuru Udana,Sri Lanka,0,0,0,0,0,0,0,0,0,0,0,10
Suranga Lakmal,Sri Lanka,0,0,0,0,0,0,0,0,0,0,7,22
Lasith Malinga,Sri Lanka,0,0,0,0,0,0,0,0,12,6,4,5
Martin Guptill,New Zealand,0,0,0,0,0,0,0,0,0,262,547,98
Colin Munro,New Zealand,0,0,0,0,0,0,0,0,0,0,0,104
Kane Williamson,New Zealand,0,0,0,0,0,0,0,0,0,99,234,119
Ross Taylor,New Zealand,0,0,0,0,0,0,0,0,107,324,221,130
Tom Latham,New Zealand,0,0,0,0,0,0,0,0,0,0,0,13
James Neesham,New Zealand,0,0,0,0,0,0,0,0,0,0,0,25
Colin de Grandhomme,New Zealand,0,0,0,0,0,0,0,0,0,0,0,15
Mitchell Santner,New Zealand,0,0,0,0,0,0,0,0,0,0,0,17
Matthew Henry,New Zealand,0,0,0,0,0,0,0,0,0,0,0,6
Lockie Ferguson,New Zealand,0,0,0,0,0,0,0,0,0,0,0,4
Trent Boult,New Zealand,0,0,0,0,0,0,0,0,0,0,0,0
Mohammad Shahzad,Afghanistan,0,0,0,0,0,0,0,0,0,0,0,7
Hazratullah Zazai,Afghanistan,0,0,0,0,0,0,0,0,0,0,0,64
Rahmat Shah,Afghanistan,0,0,0,0,0,0,0,0,0,0,0,45
Hashmatullah Shahidi,Afghanistan,0,0,0,0,0,0,0,0,0,0,0,81
Mohammad Nabi,Afghanistan,0,0,0,0,0,0,0,0,0,0,90,27
Gulbadin Naib,Afghanistan,0,0,0,0,0,0,0,0,0,0,0,58
Najibullah Zadran,Afghanistan,0,0,0,0,0,0,0,0,0,0,123,98
Rashid Khan,Afghanistan,0,0,9,0,0,0,0,0,0,0,0,29
Dawlat Zadran,Afghanistan,0,0,0,0,0,0,0,0,0,0,14,10
Mujeeb Ur Rahman,Afghanistan,0,0,0,0,0,0,0,0,0,0,0,14
Hamid Hassan,Afghanistan,0,0,0,0,0,0,0,0,0,0,38,14
Aaron Finch,Australia,0,0,0,0,0,0,0,0,0,0,280,190
David Warner,Australia,0,0,0,0,0,0,0,0,0,0,345,255
Usman Khawaja,Australia,0,0,0,0,0,0,0,0,0,0,0,88
Steve Smith,Australia,0,0,0,0,0,0,0,0,0,53,402,170
Glenn Maxwell,Australia,0,0,0,0,0,0,0,0,0,0,324,52
Marcus Stoinis,Australia,0,0,0,0,0,0,0,0,0,0,0,19
Alex Carey,Australia,0,0,0,0,0,0,0,0,0,0,0,120
Nathan Coulter-Nile,Australia,0,0,0,0,0,0,0,0,0,0,0,98
Patrick Cummins,Australia,0,0,0,0,0,0,0,0,0,0,7,12
Mitchell Starc,Australia,0,0,0,0,0,0,0,0,0,0,0,14
Adam Zampa,Australia,0,0,0,0,0,0,0,0,0,0,0,1
Tamim Iqbal,Bangladesh,0,0,0,0,0,0,0,0,172,157,154,59
Soumya Sarkar,Bangladesh,0,0,0,0,0,0,0,0,0,0,175,69
Shakib Al Hasan,Bangladesh,0,0,0,0,0,0,0,0,202,142,196,260
Mushfiqur Rahim,Bangladesh,0,0,0,0,0,0,0,0,131,81,298,141
Mohammad Mithun,Bangladesh,0,0,0,0,0,0,0,0,0,0,0,47
Mahmudullah,Bangladesh,0,0,0,0,0,0,0,0,0,32,365,94
Mosaddeck Hossain,Bangladesh,0,0,0,0,0,0,0,0,0,0,0,63
Mehidy Hasan,Bangladesh,0,0,0,0,0,0,0,0,0,0,0,24
Mohammad Saifuddin,Bangladesh,0,0,0,0,0,0,0,0,0,0,0,34
Mashrafe Mortaza,Bangladesh,0,0,0,0,0,0,0,28,109,0,28,5
Mustafizur Rahman,Bangladesh,0,0,0,0,0,0,0,0,0,0,0,0
David Miller,South Africa,0,0,0,0,0,0,0,0,0,0,324,69
Chris Morris,South Africa,0,0,0,0,0,0,0,0,0,0,0,52
Asif Ali,Pakistan,0,0,0,0,0,0,0,0,0,0,0,19
Shoaib Malik,Pakistan,0,0,0,0,0,0,0,0,92,0,0,8
Nuwan Pradeep,Sri Lanka,0,0,0,0,0,0,0,0,0,0,0,0
Tabraiz Shamsi,South Africa,0,0,0,0,0,0,0,0,0,0,0,0
Shikhar Dhawan,India,0,0,0,0,0,0,0,0,0,0,412,125
Rohit Sharma,India,0,0,0,0,0,0,0,0,0,0,330,179
Virat Kohli,India,0,0,0,0,0,0,0,0,0,282,305,100
KL Rahul,India,0,0,0,0,0,0,0,0,0,0,0,37
M S Dhoni,India,0,0,0,0,0,0,0,0,29,241,237,61
Hardik Pandya,India,0,0,0,0,0,0,0,0,0,0,0,63
Kedar Jadhav,India,0,0,0,0,0,0,0,0,0,0,0,0
Bhuvneshwar Kumar,India,0,0,0,0,0,0,0,0,0,0,0,0
Kuldeep Yadav,India,0,0,0,0,0,0,0,0,0,0,0,0
Yuzvendra Chahal,India,0,0,0,0,0,0,0,0,0,0,0,0
Jasprit Bumrah,India,0,0,0,0,0,0,0,0,0,0,0,0
Noor Ali Zadran,Afghanistan,0,0,0,0,0,0,0,0,0,0,0,31
Ikram Ali Khil,Afghanistan,0,0,0,0,0,0,0,0,0,0,0,2
Aftab Alam,Afghanistan,0,0,0,0,0,0,0,0,0,0,14,14
Shaun Marsh,Australia,0,0,0,0,0,0,0,0,0,0,0,23
Kane Richardson,Australia,0,0,0,0,0,0,0,0,0,0,0,1
Shaheen Shah Afridi,Pakistan,0,0,0,0,0,0,0,0,0,0,0,1
Virender Sehwag,India,0,0,0,0,0,0,0,299,164,380,0,0
Sachin Tendulkar,India,0,0,0,0,283,458,253,673,64,482,0,0
Gautam Gambhir,India,0,0,0,0,0,0,0,0,0,393,0,0
Yusuf Pathan,India,0,0,0,0,0,0,0,0,0,74,0,0
Yuvraj Singh,India,0,0,0,0,0,0,0,240,136,362,0,0
Harbhajan Singh,India,0,0,0,0,0,0,0,58,17,18,0,0
Zaheer Khan,India,0,0,0,0,0,0,0,18,16,18,0,0
Sreesanth,India,0,0,0,0,0,0,0,0,0,0,0,0
Munaf Patel,India,0,0,0,0,0,0,0,0,25,1,0,0
Imrul Kayes,Bangladesh,0,0,0,0,0,0,0,0,0,188,9,0
Junaid Siddique,Bangladesh,0,0,0,0,0,0,0,0,0,114,0,0
Raqibul Hasan,Bangladesh,0,0,0,0,0,0,0,0,0,70,0,0
Naeem Islam,Bangladesh,0,0,0,0,0,0,0,0,0,40,0,0
Abdur Razzak,Bangladesh,0,0,0,0,0,0,0,0,29,15,0,0
Shafiul Islam,Bangladesh,0,0,0,0,0,0,0,0,0,26,0,0
Rubel Hossain,Bangladesh,0,0,0,0,0,0,0,0,0,11,0,0
Alex Obanda,Kenya,0,0,0,0,0,0,0,0,0,43,0,0
Seren Waters,Kenya,0,0,0,0,0,0,0,0,0,38,0,0
Collins Obuya,Kenya,0,0,0,0,0,0,0,88,31,243,0,0
Stephen Tikolo,Kenya,0,0,0,0,0,196,167,206,155,44,0,0
Maurice Ouma,Kenya,0,0,0,0,0,0,0,0,75,22,0,0
Rakeep Patel,Kenya,0,0,0,0,0,0,0,0,0,46,0,0
James Kamande,Kenya,0,0,0,0,0,0,0,0,29,27,0,0
Thomas Odoyo,Kenya,0,0,0,0,0,42,117,156,46,102,0,0
Nehemiah Odhiambo,Kenya,0,0,0,0,0,0,0,0,0,56,0,0
James Ngoche,Kenya,0,0,0,0,0,0,0,0,0,10,0,0
Elijah Otieno,Kenya,0,0,0,0,0,0,0,0,0,13,0,0
Brendon McCullum,New Zealand,0,0,0,0,0,0,0,41,117,256,328,0
Jesse Ryder,New Zealand,0,0,0,0,0,0,0,0,0,184,0,0
James Franklin,New Zealand,0,0,0,0,0,0,0,0,95,52,0,0
Scott Styris,New Zealand,0,0,0,0,0,0,0,268,499,142,0,0
Daniel Vettori,New Zealand,0,0,0,0,0,0,0,36,28,53,50,0
Nathan McCullum,New Zealand,0,0,0,0,0,0,0,0,0,100,0,0
Jacob Oram,New Zealand,0,0,0,0,0,0,0,35,165,59,0,0
Tim Southee,New Zealand,0,0,0,0,0,0,0,0,0,14,23,0
Hamish Bennett,New Zealand,0,0,0,0,0,0,0,0,0,0,0,0
Upul Tharanga,Sri Lanka,0,0,0,0,0,0,0,0,298,389,4,0
Tillakaratne Dilshan,Sri Lanka,0,0,0,0,0,0,0,0,217,496,395,0
Kumar Sangakkara,Sri Lanka,0,0,0,0,0,0,0,176,350,392,541,0
Mahela Jayawardene,Sri Lanka,0,0,0,0,0,0,102,21,548,281,125,0
Chamara Kapugedera,Sri Lanka,0,0,0,0,0,0,0,0,0,3,0,0
Thilan Samaraweera,Sri Lanka,0,0,0,0,0,0,0,0,0,76,0,0
Nuwan Kulasekara,Sri Lanka,0,0,0,0,0,0,0,0,1,64,29,0
Muttiah Muralitharan,Sri Lanka,0,0,0,0,0,0,16,38,3,7,0,0
Ajantha Mendis,Sri Lanka,0,0,0,0,0,0,0,0,0,0,0,0
Ruvindu Gunasekera,Canada,0,0,0,0,0,0,0,0,0,53,0,0
John Davison,Canada,0,0,0,0,0,0,0,226,81,33,0,0
Zubin Surkari,Canada,0,0,0,0,0,0,0,0,0,104,0,0
Jimmy Hansra,Canada,0,0,0,0,0,0,0,0,0,215,0,0
Ashish Bagai,Canada,0,0,0,0,0,0,0,56,62,225,0,0
Rizwan Cheema,Canada,0,0,0,0,0,0,0,0,0,76,0,0
Tyson Gordon,Canada,0,0,0,0,0,0,0,0,0,23,0,0
Khurram Chohan,Canada,0,0,0,0,0,0,0,0,0,39,0,0
Harvir Baidwan,Canada,0,0,0,0,0,0,0,0,0,54,0,0
Dorakanti Balaji Rao,Canada,0,0,0,0,0,0,0,0,0,22,0,0
Henry Osinde,Canada,0,0,0,0,0,0,0,0,1,6,0,0
Shane Watson,Australia,0,0,0,0,0,0,0,0,145,290,208,0
Brad Haddin,Australia,0,0,0,0,0,0,0,0,0,332,126,0
Ricky Ponting,Australia,0,0,0,0,0,229,354,415,539,206,0,0
Michael Clarke,Australia,0,0,0,0,0,0,0,0,436,233,219,0
Cameron White,Australia,0,0,0,0,0,0,0,0,0,70,0,0
David Hussey,Australia,0,0,0,0,0,0,0,0,0,52,0,0
Mitchell Johnson,Australia,0,0,0,0,0,0,0,0,0,25,31,0
Jason Krejza,Australia,0,0,0,0,0,0,0,0,0,7,0,0
Brett Lee,Australia,0,0,0,0,0,0,0,23,0,5,0,0
Shaun Tait,Australia,0,0,0,0,0,0,0,0,0,0,0,0
Brendan Taylor,Zimbabwe,0,0,0,0,0,0,0,0,87,170,433,0
Charles Coventry,Zimbabwe,0,0,0,0,0,0,0,0,0,18,0,0
Tatenda Taibu,Zimbabwe,0,0,0,0,0,0,0,117,0,189,0,0
Craig Ervine,Zimbabwe,0,0,0,0,0,0,0,0,0,231,159,0
Elton Chigumbura,Zimbabwe,0,0,0,0,0,0,0,0,61,96,78,0
Sean Williams,Zimbabwe,0,0,0,0,0,0,0,0,95,58,339,0
Regis Chakabva,Zimbabwe,0,0,0,0,0,0,0,0,0,50,64,0
Prosper Utseya,Zimbabwe,0,0,0,0,0,0,0,0,5,123,0,0
Graeme Cremer,Zimbabwe,0,0,0,0,0,0,0,0,0,99,0,0
Ray Price,Zimbabwe,0,0,0,0,0,0,0,0,0,37,0,0
Chris Mpofu,Zimbabwe,0,0,0,0,0,0,0,0,1,6,0,0
Alexei Kervezee,Netherlands,0,0,0,0,0,0,0,0,17,81,0,0
Wesley Barresi,Netherlands,0,0,0,0,0,0,0,0,0,153,0,0
Tom Cooper,Netherlands,0,0,0,0,0,0,0,0,0,174,0,0
Ryan ten Doeschate,Netherlands,0,0,0,0,0,0,0,0,128,307,0,0
Bas Zuiderent,Netherlands,0,0,0,0,0,91,0,35,53,17,0,0
Tom de Grooth,Netherlands,0,0,0,0,0,0,0,0,0,50,0,0
Peter Borren,Netherlands,0,0,0,0,0,0,0,0,26,173,0,0
Mudassar Bukhari,Netherlands,0,0,0,0,0,0,0,0,0,68,0,0
Peter Seelaar,Netherlands,0,0,0,0,0,0,0,0,0,3,0,0
Bernard Loots,Netherlands,0,0,0,0,0,0,0,0,0,6,0,0
Berend Westdijk,Netherlands,0,0,0,0,0,0,0,0,0,0,0,0
Andrew Strauss,England,0,0,0,0,0,0,0,0,83,334,0,0
Kevin Pietersen,England,0,0,0,0,0,0,0,0,444,131,0,0
Jonathan Trott,England,0,0,0,0,0,0,0,0,0,422,0,0
Ian Bell,England,0,0,0,0,0,0,0,0,211,245,262,0
Paul Collingwood,England,0,0,0,0,0,0,0,137,276,61,0,0
Ravinda Bopara,England,0,0,0,0,0,0,0,0,165,141,0,0
Matthew Prior,England,0,0,0,0,0,0,0,0,0,78,0,0
Timothy Bresnan,England,0,0,0,0,0,0,0,0,0,41,0,0
Stuart Broad,England,0,0,0,0,0,0,0,0,5,0,13,0
Graeme Swann,England,0,0,0,0,0,0,0,0,0,60,0,0
James Anderson,England,0,0,0,0,0,0,0,2,0,4,9,0
Ahmed Shehzad,Pakistan,0,0,0,0,0,0,0,0,0,44,227,0
Kamran Akmal,Pakistan,0,0,0,0,0,0,0,0,42,207,0,0
Younis Khan,Pakistan,0,0,0,0,0,0,0,84,37,185,43,0
Misbah-ul-Haq,Pakistan,0,0,0,0,0,0,0,0,0,248,350,0
Umar Akmal,Pakistan,0,0,0,0,0,0,0,0,0,240,164,0
Shahid Afridi,Pakistan,0,0,0,0,0,0,93,16,16,84,116,0
Abdul Razzaq,Pakistan,0,0,0,0,0,0,170,99,0,104,0,0
Abdur Rehman,Pakistan,0,0,0,0,0,0,0,0,0,6,0,0
Umar Gul,Pakistan,0,0,0,0,0,0,0,0,11,38,0,0
Shoaib Akhtar,Pakistan,0,0,0,0,0,0,4,72,0,0,0,0
Tanmay Mishra,Kenya,0,0,0,0,0,0,0,0,37,133,0,0
Shem Ngoche,Kenya,0,0,0,0,0,0,0,0,0,0,0,0
Devon Smith,West Indies,0,0,0,0,0,0,0,0,99,300,0,0
Ramnaresh Sarwan,West Indies,0,0,0,0,0,0,0,196,375,155,0,0
Shivnarine Chanderpaul,West Indies,0,0,0,0,0,211,134,167,315,114,0,0
Dwayne Bravo,West Indies,0,0,0,0,0,0,0,0,129,40,0,0
Devon Thomas,West Indies,0,0,0,0,0,0,0,0,0,41,0,0
Kieron Pollard,West Indies,0,0,0,0,0,0,0,0,10,180,0,0
Darren Sammy,West Indies,0,0,0,0,0,0,0,0,0,54,177,0
Sulieman Benn,West Indies,0,0,0,0,0,0,0,0,0,16,10,0
Kemar Roach,West Indies,0,0,0,0,0,0,0,0,0,19,0,0
Graeme Smith,South Africa,0,0,0,0,0,0,0,121,443,183,0,0
Jacques Kallis,South Africa,0,0,0,0,0,63,312,63,485,225,0,0
A B de Villiers,South Africa,0,0,0,0,0,0,0,0,372,353,482,0
Johan Botha,South Africa,0,0,0,0,0,0,0,0,0,58,0,0
Robin Peterson,South Africa,0,0,0,0,0,0,0,0,12,43,0,0
Morne Morkel,South Africa,0,0,0,0,0,0,0,0,0,4,8,0
Dale Steyn,South Africa,0,0,0,0,0,0,0,0,0,28,17,0
Jamie How,New Zealand,0,0,0,0,0,0,0,0,0,26,0,0
Mohammad Ashraful,Bangladesh,0,0,0,0,0,0,0,63,216,12,0,0
William Porterfield,Ireland,0,0,0,0,0,0,0,0,172,180,275,0
Paul Stirling,Ireland,0,0,0,0,0,0,0,0,0,157,159,0
Ed Joyce,Ireland,0,0,0,0,0,0,0,0,152,176,246,0
Niall O'Brien,Ireland,0,0,0,0,0,0,0,0,216,205,199,0
Andrew White,Ireland,0,0,0,0,0,0,0,0,128,15,0,0
Kevin O'Brien,Ireland,0,0,0,0,0,0,0,0,170,198,131,0
Andre Botha,Ireland,0,0,0,0,0,0,0,0,62,22,0,0
John Mooney,Ireland,0,0,0,0,0,0,0,0,23,58,51,0
Trent Johnston,Ireland,0,0,0,0,0,0,0,0,129,42,0,0
George Dockrell,Ireland,0,0,0,0,0,0,0,0,0,42,54,0
Boyd Rankin,Ireland,0,0,0,0,0,0,0,0,15,9,0,0
Chamara Silva,Sri Lanka,0,0,0,0,0,0,0,0,350,77,0,0
Rangana Herath,Sri Lanka,0,0,0,0,0,0,0,0,0,4,13,0
Piyush Chawla,India,0,0,0,0,0,0,0,0,0,2,0,0
Michael Yardy,England,0,0,0,0,0,0,0,0,0,19,0,0
Ajmal Shahzad,England,0,0,0,0,0,0,0,0,0,7,0,0
Gregory Lamb,Zimbabwe,0,0,0,0,0,0,0,0,0,62,0,0
Nitish Kumar,Canada,0,0,0,0,0,0,0,0,0,10,0,0
Nikita Miller,West Indies,0,0,0,0,0,0,0,0,0,16,0,0
David Obuya,Kenya,0,0,0,0,0,0,0,11,5,65,0,0
Peter Ongondo,Kenya,0,0,0,0,0,0,0,84,7,6,0,0
Gary Wilson,Ireland,0,0,0,0,0,0,0,0,0,122,141,0
Alex Cusack,Ireland,0,0,0,0,0,0,0,0,0,80,19,0
Morne van Wyk,South Africa,0,0,0,0,0,0,0,0,0,65,0,0
Saeed Ajmal,Pakistan,0,0,0,0,0,0,0,0,0,1,0,0
Tinashe Panyangara,Zimbabwe,0,0,0,0,0,0,0,0,0,4,29,0
Kyle Mills,New Zealand,0,0,0,0,0,0,0,0,0,7,0,0
Parth Desai,Canada,0,0,0,0,0,0,0,0,0,0,0,0
Eric Szwarczynski,Netherlands,0,0,0,0,0,0,0,0,24,57,0,0
Bradley Kruger,Netherlands,0,0,0,0,0,0,0,0,0,8,0,0
Ashish Nehra,India,0,0,0,0,0,0,0,8,0,1,0,0
Hiral Patel,Canada,0,0,0,0,0,0,0,0,0,85,0,0
Michael Hussey,Australia,0,0,0,0,0,0,0,0,87,69,0,0
Atse Buurman,Netherlands,0,0,0,0,0,0,0,0,0,26,0,0
Adeel Raja,Netherlands,0,0,0,0,0,0,0,2,8,0,0,0
Shahriar Nafees,Bangladesh,0,0,0,0,0,0,0,0,31,42,0,0
Suhrawadi Shuvo,Bangladesh,0,0,0,0,0,0,0,0,0,0,0,0
Vusi Sibanda,Zimbabwe,0,0,0,0,0,0,0,0,68,66,0,0
Shingirai Masakadza,Zimbabwe,0,0,0,0,0,0,0,0,0,0,0,0
Asad Shafiq,Pakistan,0,0,0,0,0,0,0,0,0,154,0,0
Colin Ingram,South Africa,0,0,0,0,0,0,0,0,0,46,0,0
Karl Whatham,Canada,0,0,0,0,0,0,0,0,0,18,0,0
Luke Wright,England,0,0,0,0,0,0,0,0,0,45,0,0
James Tredwell,England,0,0,0,0,0,0,0,0,0,9,0,0
Christopher Tremlett,England,0,0,0,0,0,0,0,0,0,3,0,0
Devendra Bishoo,West Indies,0,0,0,0,0,0,0,0,0,6,0,0
Wayne Parnell,South Africa,0,0,0,0,0,0,0,0,0,0,17,0
Lonwabo Tsotsobe,South Africa,0,0,0,0,0,0,0,0,0,4,0,0
Suresh Raina,India,0,0,0,0,0,0,0,0,0,74,284,0
Ravichandran Ashwin,India,0,0,0,0,0,0,0,0,0,10,30,0
Kirk Edwards,West Indies,0,0,0,0,0,0,0,0,0,17,0,0
Ravi Rampaul,West Indies,0,0,0,0,0,0,0,0,0,1,0,0
Luke Woodcock,New Zealand,0,0,0,0,0,0,0,0,0,3,0,0
Andrew McKay,New Zealand,0,0,0,0,0,0,0,0,0,0,0,0
Suraj Randiv,Sri Lanka,0,0,0,0,0,0,0,0,0,0,0,0
Rodney Latham,New Zealand,0,0,0,0,136,0,0,0,0,0,0,0
Chris Harris,New Zealand,0,0,0,0,44,156,115,116,0,0,0,0
Chris Cairns,New Zealand,0,0,0,0,21,139,182,223,0,0,0,0
Gavin Larsen,New Zealand,0,0,0,0,45,1,30,0,0,0,0,0
Mark Waugh,Australia,0,0,0,0,145,484,375,0,0,0,0,0
Ian Healy,Australia,0,0,0,0,51,59,0,0,0,0,0,0
Sir Ian Botham,England,0,65,40,0,186,0,0,0,0,0,0,0
Robin Smith,England,0,0,0,0,188,100,0,0,0,0,0,0
Graeme Hick,England,0,0,0,0,264,212,159,0,0,0,0,0
Neil Fairbrother,England,0,0,0,0,285,88,57,0,0,0,0,0
Alec Stewart,England,0,0,0,0,259,86,125,136,0,0,0,0
Chris Lewis,England,0,0,0,0,81,0,0,0,0,0,0,0
Dermot Reeve,England,0,0,0,0,79,38,0,0,0,0,0,0
Phil Tufnell,England,0,0,0,0,3,0,0,0,0,0,0,0
Vinod Kambli,India,0,0,0,0,29,166,0,0,0,0,0,0
Praveen Amre,India,0,0,0,0,27,0,0,0,0,0,0,0
Subroto Banerjee,India,0,0,0,0,36,0,0,0,0,0,0,0
Javagal Srinath,India,0,0,0,0,34,19,25,1,0,0,0,0
Andrew Flower,Zimbabwe,0,0,0,0,246,51,186,332,0,0,0,0
Wayne James,Zimbabwe,0,0,0,0,35,0,0,0,0,0,0,0
Kevin Duers,Zimbabwe,0,0,0,0,7,0,0,0,0,0,0,0
Athula Samarasekera,Sri Lanka,0,0,5,0,219,0,0,0,0,0,0,0
Sanath Jayasuriya,Sri Lanka,0,0,0,0,74,220,82,321,467,0,0,0
Hashan Tillakaratne,Sri Lanka,0,0,0,0,80,96,0,178,0,0,0,0
Ruwan Kalpage,Sri Lanka,0,0,0,0,67,0,0,0,0,0,0,0
Champaka Ramanayake,Sri Lanka,0,0,0,0,25,0,0,0,0,0,0,0
Kapila Wijegunawardene,Sri Lanka,0,0,0,0,0,0,0,0,0,0,0,0
Pramodya Wickremasinghe,Sri Lanka,0,0,0,0,30,0,19,0,0,0,0,0
Aamir Sohail,Pakistan,0,0,0,0,317,272,0,0,0,0,0,0
Inzamam-ul-Haq,Pakistan,0,0,0,0,225,145,254,16,74,0,0,0
Iqbal Sikander,Pakistan,0,0,0,0,1,0,0,0,0,0,0,0
Wasim Haider,Pakistan,0,0,0,0,13,0,0,0,0,0,0,0
Moin Khan,Pakistan,0,0,0,0,42,0,242,0,0,0,0,0
Aaqib Javed,Pakistan,0,0,0,0,1,6,0,0,0,0,0,0
Brian Lara,West Indies,0,0,0,0,333,269,106,202,269,0,0,0
Keith Arthurton,West Indies,0,0,0,0,233,2,6,0,0,0,0,0
Malcolm Marshall,West Indies,0,0,24,0,16,0,0,0,0,0,0,0
David Williams,West Indies,0,0,0,0,52,0,0,0,0,0,0,0
Curtly Ambrose,West Indies,0,0,0,0,33,13,2,0,0,0,0,0
Michael Whitney,Australia,0,0,0,0,22,0,0,0,0,0,0,0
Kepler Wessels,South Africa,0,0,92,0,313,0,0,0,0,0,0,0
Andrew Hudson,South Africa,0,0,0,0,296,275,0,0,0,0,0,0
Peter Kirsten,South Africa,0,0,0,0,410,0,0,0,0,0,0,0
Hansie Cronje,South Africa,0,0,0,0,102,276,98,0,0,0,0,0
Adrian Kuiper,South Africa,0,0,0,0,113,0,0,0,0,0,0,0
Jonty Rhodes,South Africa,0,0,0,0,132,59,161,2,0,0,0,0
Brian McMillan,South Africa,0,0,0,0,125,20,0,0,0,0,0,0
David Richardson,South Africa,0,0,0,0,66,0,0,0,0,0,0,0
Richard Snell,South Africa,0,0,0,0,24,0,0,0,0,0,0,0
Meyrick Pringle,South Africa,0,0,0,0,5,0,0,0,0,0,0,0
Allan Donald,South Africa,0,0,0,0,3,0,10,0,0,0,0,0
Mushtaq Ahmed,Pakistan,0,0,0,0,10,0,0,0,0,0,0,0
Tertius Bosch,South Africa,0,0,0,0,0,0,0,0,0,0,0,0
Mark Greatbatch,New Zealand,0,0,0,0,313,0,0,0,0,0,0,0
Anderson Cummins,West Indies,0,0,0,0,11,0,0,0,10,0,0,0
Alistair Campbell,Zimbabwe,0,0,0,0,13,114,107,7,0,0,0,0
Mark Taylor,Australia,0,0,0,0,13,193,0,0,0,0,0,0
Merv Hughes,Australia,0,0,0,0,0,0,0,0,0,0,0,0
Sanjay Manjrekar,India,0,0,0,0,154,116,0,0,0,0,0,0
Ajay Jadeja,India,0,0,0,0,93,144,285,0,0,0,0,0
Venkatapathy Raju,India,0,0,0,0,1,3,0,0,0,0,0,0
Mark Rushmere,South Africa,0,0,0,0,49,0,0,0,0,0,0,0
Omar Henry,South Africa,0,0,0,0,11,0,0,0,0,0,0,0
Chandika Hathurusingha,Sri Lanka,0,0,0,0,26,0,0,0,0,0,0,0
Mark Burmester,Zimbabwe,0,0,0,0,17,0,0,0,0,0,0,0
Zahid Fazal,Pakistan,0,0,0,0,13,0,0,0,0,0,0,0
Richard Illingworth,England,0,0,0,0,27,4,0,0,0,0,0,0
Graeme Labrooy,Sri Lanka,0,0,0,0,19,0,0,0,0,0,0,0
Craig Spearman,New Zealand,0,0,0,0,0,191,0,0,0,0,0,0
Nathan Astle,New Zealand,0,0,0,0,0,111,59,213,0,0,0,0
Lee Germon,New Zealand,0,0,0,0,0,191,0,0,0,0,0,0
Stephen Fleming,New Zealand,0,0,0,0,0,193,199,321,353,0,0,0
Roger Twose,New Zealand,0,0,0,0,0,175,318,0,0,0,0,0
Adam Parore,New Zealand,0,0,0,0,0,144,62,0,0,0,0,0
Shane Thomson,New Zealand,0,0,0,0,0,101,0,0,0,0,0,0
Dion Nash,New Zealand,0,0,0,0,0,13,37,0,0,0,0,0
Shane Warne,Australia,0,0,0,0,0,32,34,0,0,0,0,0
Stuart Law,Australia,0,0,0,0,0,204,0,0,0,0,0,0
Michael Bevan,Australia,0,0,0,0,0,125,264,148,0,0,0,0
Paul Reiffel,Australia,0,0,0,0,0,27,1,0,0,0,0,0
Damien Fleming,Australia,0,0,0,0,0,0,12,0,0,0,0,0
Glenn McGrath,Australia,0,0,0,0,0,0,0,3,0,0,0,0
Michael Atherton,England,0,0,0,0,0,119,0,0,0,0,0,0
Graham Thorpe,England,0,0,0,0,0,254,125,0,0,0,0,0
Jack Russell,England,0,0,0,0,0,27,0,0,0,0,0,0
Craig White,England,0,0,0,0,0,13,0,79,0,0,0,0
Dominic Cork,England,0,0,0,0,0,36,0,0,0,0,0,0
Darren Gough,England,0,0,0,0,0,66,29,0,0,0,0,0
Peter Martin,England,0,0,0,0,0,6,0,0,0,0,0,0
Gary Kirsten,South Africa,0,0,0,0,0,391,229,186,0,0,0,0
Daryll Cullinan,South Africa,0,0,0,0,0,255,216,0,0,0,0,0
Shaun Pollock,South Africa,0,0,0,0,0,38,107,71,63,0,0,0
Steven Palframan,South Africa,0,0,0,0,0,45,0,0,0,0,0,0
Craig Matthews,South Africa,0,0,0,0,0,17,0,0,0,0,0,0
Azhar Saeed,United Arab Emirates,0,0,0,0,0,58,0,0,0,0,0,0
Ganesh Mylvaganam,United Arab Emirates,0,0,0,0,0,36,0,0,0,0,0,0
Mazhar Hussain,United Arab Emirates,0,0,0,0,0,99,0,0,0,0,0,0
Vijay Mehra,United Arab Emirates,0,0,0,0,0,44,0,0,0,0,0,0
Mohammad Aslam,United Arab Emirates,0,0,0,0,0,38,0,0,0,0,0,0
Arshad Laeeq,United Arab Emirates,0,0,0,0,0,66,0,0,0,0,0,0
Johanne Samarasekera,United Arab Emirates,0,0,0,0,0,90,0,0,0,0,0,0
Sultan Zarawani,United Arab Emirates,0,0,0,0,0,16,0,0,0,0,0,0
Imtiaz Abbasi,United Arab Emirates,0,0,0,0,0,4,0,0,0,0,0,0
Shaukat Dukanwala,United Arab Emirates,0,0,0,0,0,84,0,0,0,0,0,0
Shehzad Altaf,United Arab Emirates,0,0,0,0,0,0,0,0,0,0,0,0
Grant Flower,Zimbabwe,0,0,0,0,0,125,184,177,0,0,0,0
Guy Whittall,Zimbabwe,0,0,0,0,0,71,83,59,0,0,0,0
Craig Evans,Zimbabwe,0,0,0,0,0,92,0,0,0,0,0,0
Sean Davies,Zimbabwe,0,0,0,0,0,9,0,0,0,0,0,0
Heath Streak,Zimbabwe,0,0,0,0,0,80,78,166,0,0,0,0
Paul Strang,Zimbabwe,0,0,0,0,0,52,57,0,0,0,0,0
Alan Lock,Zimbabwe,0,0,0,0,0,8,0,0,0,0,0,0
Sherwin Campbell,West Indies,0,0,0,0,0,57,55,0,0,0,0,0
Courtney Browne,West Indies,0,0,0,0,0,64,0,0,0,0,0,0
Ottis Gibson,West Indies,0,0,0,0,0,7,0,0,0,0,0,0
Ian Bishop,West Indies,0,0,0,0,0,35,0,0,0,0,0,0
Robert Kennedy,New Zealand,0,0,0,0,0,2,0,0,0,0,0,0
Nolan Clarke,Netherlands,0,0,0,0,0,50,0,0,0,0,0,0
Peter Cantrell,Netherlands,0,0,0,0,0,160,0,0,0,0,0,0
Flavian Aponso,Netherlands,0,0,0,0,0,120,0,0,0,0,0,0
Steven Lubbers,Netherlands,0,0,0,0,0,24,0,0,0,0,0,0
Roland Lefebvre,Netherlands,0,0,0,0,0,78,0,57,0,0,0,0
Timotheus de Leede,Netherlands,0,0,0,0,0,90,0,98,35,0,0,0
Klass-Jan van Noortwijk,Netherlands,0,0,0,0,0,168,0,154,0,0,0,0
Marcelis Schewe,Netherlands,0,0,0,0,0,49,0,0,0,0,0,0
Eric Gouka,Netherlands,0,0,0,0,0,19,0,0,0,0,0,0
Paul-Jan Bakker,Netherlands,0,0,0,0,0,1,0,0,0,0,0,0
Dipak Chudasama,Kenya,0,0,0,0,0,103,3,0,0,0,0,0
Kennedy Otieno,Kenya,0,0,0,0,0,147,98,182,0,0,0,0
Maurice Odumbe,Kenya,0,0,0,0,0,112,129,211,0,0,0,0
Hitesh Modi,Kenya,0,0,0,0,0,82,12,101,0,0,0,0
Edward Odumbe,Kenya,0,0,0,0,0,54,0,0,0,0,0,0
Aasif Karim,Kenya,0,0,0,0,0,17,62,0,0,0,0,0
David Tikolo,Kenya,0,0,0,0,0,36,0,0,0,0,0,0
Martin Suji,Kenya,0,0,0,0,0,18,7,43,0,0,0,0
Rajab Ali,Kenya,0,0,0,0,0,6,0,0,0,0,0,0
Nayan Mongia,India,0,0,0,0,0,68,46,0,0,0,0,0
Anil Kumble,India,0,0,0,0,0,27,10,25,0,0,0,0
Venkatesh Prasad,India,0,0,0,0,0,0,4,0,0,0,0,0
Saleem Raza,United Arab Emirates,0,0,0,0,0,137,0,0,0,0,0,0
Neil Smith,England,0,0,0,0,0,69,0,0,0,0,0,0
Pat Symcox,South Africa,0,0,0,0,0,25,0,0,0,0,0,0
Stephen Peall,Zimbabwe,0,0,0,0,0,9,0,0,0,0,0,0
Romesh Kaluwitharana,Sri Lanka,0,0,0,0,0,73,90,0,0,0,0,0
Chaminda Vaas,Sri Lanka,0,0,0,0,0,0,60,102,34,0,0,0
Kumar Dharmasena,Sri Lanka,0,0,0,0,0,0,0,0,0,0,0,0
Roland Holder,West Indies,0,0,0,0,0,5,0,0,0,0,0,0
Aashish Kapoor,India,0,0,0,0,0,0,0,0,0,0,0,0
Floris Jansen,Netherlands,0,0,0,0,0,0,0,0,0,0,0,0
Mohammad Ishaq,United Arab Emirates,0,0,0,0,0,71,0,0,0,0,0,0
Saeed Anwar,Pakistan,0,0,0,0,0,329,368,178,0,0,0,0
Rashid Latif,Pakistan,0,0,0,0,0,26,0,122,0,0,0,0
Waqar Younis,Pakistan,0,0,0,0,0,4,11,17,0,0,0,0
Fanie De Villiers,South Africa,0,0,0,0,0,12,0,0,0,0,0,0
Tariq Iqbal,Kenya,0,0,0,0,0,17,0,0,0,0,0,0
Bryan Strang,Zimbabwe,0,0,0,0,0,3,0,0,0,0,0,0
Shane Lee,Australia,0,0,0,0,0,9,2,0,0,0,0,0
Jimmy Adams,West Indies,0,0,0,0,0,41,79,0,0,0,0,0
Cameron Cuffy,West Indies,0,0,0,0,0,1,0,0,0,0,0,0
Saqlain Mushtaq,Pakistan,0,0,0,0,0,0,40,16,0,0,0,0
Paul Adams,South Africa,0,0,0,0,0,10,0,0,0,0,0,0
Robert Van Oosterom,Netherlands,0,0,0,0,0,7,0,0,0,0,0,0
Saeed-Al-Saffar,United Arab Emirates,0,0,0,0,0,0,0,0,0,0,0,0
Salil Ankola,India,0,0,0,0,0,0,0,0,0,0,0,0
Ravindra Pushpakumara,Sri Lanka,0,0,0,0,0,0,0,0,0,0,0,0
Lamech Onyango,Kenya,0,0,0,0,0,23,0,0,16,0,0,0
Ata-Ur-Rehman,Pakistan,0,0,0,0,0,0,0,0,0,0,0,0
Mohammad Yousuf,Pakistan,0,0,0,0,0,0,161,153,55,0,0,0
Azhar Mahmood,Pakistan,0,0,0,0,0,0,116,0,2,0,0,0
Bruce Patterson,Scotland,0,0,0,0,0,0,10,0,0,0,0,0
Iain Philip,Scotland,0,0,0,0,0,0,20,0,0,0,0,0
Michael Smith,Scotland,0,0,0,0,0,0,19,0,0,0,0,0
Ian Stanger,Scotland,0,0,0,0,0,0,47,0,0,0,0,0
George Salmond,Scotland,0,0,0,0,0,0,57,0,0,0,0,0
Gavin Hamilton,Scotland,0,0,0,0,0,0,217,0,11,0,0,0
James Brinkley,Scotland,0,0,0,0,0,0,52,0,0,0,0,0
Alec Davies,Scotland,0,0,0,0,0,0,83,0,0,0,0,0
John Blain,Scotland,0,0,0,0,0,0,15,0,41,0,0,0
Asim Butt,Scotland,0,0,0,0,0,0,23,0,0,0,0,0
Nicholas Dyer,Scotland,0,0,0,0,0,0,3,0,0,0,0,0
Shahriar Hossain,Bangladesh,0,0,0,0,0,0,41,0,0,0,0,0
Mehrab Hossain,Bangladesh,0,0,0,0,0,0,120,0,0,0,0,0
Akram Khan,Bangladesh,0,0,0,0,0,0,62,57,0,0,0,0
Aminul Islam,Bangladesh,0,0,0,0,0,0,45,0,0,0,0,0
Minhajul Abedin,Bangladesh,0,0,0,0,0,0,140,0,0,0,0,0
Naimuir Rahman,Bangladesh,0,0,0,0,0,0,114,0,0,0,0,0
Khaled Mahmud,Bangladesh,0,0,0,0,0,0,49,38,0,0,0,0
Khaled Mashud,Bangladesh,0,0,0,0,0,0,40,99,0,0,0,0
Enamul Haque,Bangladesh,0,0,0,0,0,0,59,0,0,0,0,0
Hasibul Hussain,Bangladesh,0,0,0,0,0,0,23,0,0,0,0,0
Manjural Islam,Bangladesh,0,0,0,0,0,0,8,5,0,0,0,0
Ridley Jacobs,West Indies,0,0,0,0,0,0,205,59,0,0,0,0
Stuart Williams,West Indies,0,0,0,0,0,0,17,0,0,0,0,0
Henderson Bryan,West Indies,0,0,0,0,0,0,0,0,0,0,0,0
Merwyn Dillon,West Indies,0,0,0,0,0,0,6,12,0,0,0,0
Reon King,West Indies,0,0,0,0,0,0,1,0,0,0,0,0
Herschelle Gibbs,South Africa,0,0,0,0,0,0,341,384,342,0,0,0
Lance Klusener,South Africa,0,0,0,0,0,0,281,91,0,0,0,0
Mark Boucher,South Africa,0,0,0,0,0,0,79,125,177,0,0,0
Steven Elworthy,South Africa,0,0,0,0,0,0,25,0,0,0,0,0
Nasser Hussain,England,0,0,0,0,0,0,194,24,0,0,0,0
Andrew Flintoff,England,0,0,0,0,0,0,15,156,92,0,0,0
Mark Ealham,England,0,0,0,0,0,0,5,0,0,0,0,0
Robert Croft,England,0,0,0,0,0,0,12,0,0,0,0,0
Angus Fraser,England,0,0,0,0,0,0,18,0,0,0,0,0
Alan Mullally,England,0,0,0,0,0,0,1,0,0,0,0,0
Neil Johnson,Zimbabwe,0,0,0,0,0,0,342,0,0,0,0,0
Murray Goodwin,Zimbabwe,0,0,0,0,0,0,144,0,0,0,0,0
Stuart Carlisle,Zimbabwe,0,0,0,0,0,0,60,0,0,0,0,0
Henry Olonga,Zimbabwe,0,0,0,0,0,0,12,3,0,0,0,0
Marvan Atapattu,Sri Lanka,0,0,0,0,0,0,139,382,0,0,0,0
Kalutarage Upashantha,Sri Lanka,0,0,0,0,0,0,16,0,0,0,0,0
Sadagopan Ramesh,India,0,0,0,0,0,0,144,0,0,0,0,0
Sourav Ganguly,India,0,0,0,0,0,0,379,465,162,0,0,0
Rahul Dravid,India,0,0,0,0,0,0,461,318,81,0,0,0
Nikhil Chopra,India,0,0,0,0,0,0,0,0,0,0,0,0
Ajit Agarkar,India,0,0,0,0,0,0,1,0,10,0,0,0
Debashish Mohanty,India,0,0,0,0,0,0,0,0,0,0,0,0
Ravindu Shah,Kenya,0,0,0,0,0,0,154,265,81,0,0,0
Sandeep Gupta,Kenya,0,0,0,0,0,0,1,0,0,0,0,0
Aldesh Vadher,Kenya,0,0,0,0,0,0,141,0,0,0,0,0
Joseph Angara,Kenya,0,0,0,0,0,0,6,0,0,0,0,0
Wajahatullah Wasti,Pakistan,0,0,0,0,0,0,151,0,0,0,0,0
Adam Gilchrist,Australia,0,0,0,0,0,0,224,408,453,0,0,0
Darren Lehmann,Australia,0,0,0,0,0,0,136,224,0,0,0,0
Damien Martyn,Australia,0,0,0,0,0,0,29,323,0,0,0,0
Faruk Ahmed,Bangladesh,0,0,0,0,0,0,16,0,0,0,0,0
Matthew Horne,New Zealand,0,0,0,0,0,0,164,0,0,0,0,0
Craig McMillan,New Zealand,0,0,0,0,0,0,152,125,228,0,0,0
Geoffrey Allott,New Zealand,0,0,0,0,0,0,0,0,0,0,0,0
Mpumelelo Mbangwa,Zimbabwe,0,0,0,0,0,0,0,0,0,0,0,0
Adam Hollioake,England,0,0,0,0,0,0,6,0,0,0,0,0
Robin Singh,India,0,0,0,0,0,0,157,0,0,0,0,0
Brendon Julian,Australia,0,0,0,0,0,0,9,0,0,0,0,0
Michael Allingham,Scotland,0,0,0,0,0,0,11,0,0,0,0,0
Greig Williamson,Scotland,0,0,0,0,0,0,11,0,0,0,0,0
Andrew Whittall,Zimbabwe,0,0,0,0,0,0,0,0,0,0,0,0
Adam Huckle,Zimbabwe,0,0,0,0,0,0,0,0,0,0,0,0
Upul Chandana,Sri Lanka,0,0,0,0,0,0,9,0,0,0,0,0
Mohammad Rafique,Bangladesh,0,0,0,0,0,0,6,65,42,0,0,0
Neeyamur Rashid,Bangladesh,0,0,0,0,0,0,1,0,0,0,0,0
Shafiuddin Ahmed,Bangladesh,0,0,0,0,0,0,2,0,0,0,0,0
Matthew Hart,New Zealand,0,0,0,0,0,0,0,0,0,0,0,0
Carl Bulfin,New Zealand,0,0,0,0,0,0,0,0,0,0,0,0
Dirk Viljoen,Zimbabwe,0,0,0,0,0,0,5,0,0,0,0,0
Nico Boje,South Africa,0,0,0,0,0,0,0,54,0,0,0,0
Mohammad Sheikh,Kenya,0,0,0,0,0,0,15,0,0,0,0,0
Ian Austin,England,0,0,0,0,0,0,0,0,0,0,0,0
Anthony Suji,Kenya,0,0,0,0,0,0,7,7,14,0,0,0
Adam Dale,Australia,0,0,0,0,0,0,3,0,0,0,0,0
Ricardo Powell,West Indies,0,0,0,0,0,0,4,63,0,0,0,0
Matthew Hayden,Australia,0,0,0,0,0,0,0,328,659,0,0,0
Andrew Symonds,Australia,0,0,0,0,0,0,0,326,189,0,0,0
Brad Hogg,Australia,0,0,0,0,0,0,0,42,45,0,0,0
Nathan Bracken,Australia,0,0,0,0,0,0,0,0,0,0,0,0
Russel Arnold,Sri Lanka,0,0,0,0,0,0,0,92,118,0,0,0
Dilhara Fernando,Sri Lanka,0,0,0,0,0,0,0,30,3,0,0,0
Marlon Samuels,West Indies,0,0,0,0,0,0,0,14,216,0,230,0
Denesh Ramdin,West Indies,0,0,0,0,0,0,0,0,84,0,107,0
Dwayne Smith,West Indies,0,0,0,0,0,0,0,0,49,0,93,0
Jerome Taylor,West Indies,0,0,0,0,0,0,0,0,37,0,37,0
Daren Powell,West Indies,0,0,0,0,0,0,0,0,56,0,0,0
Corey Collymore,West Indies,0,0,0,0,0,0,0,0,22,0,0,0
Imran Nazir,Pakistan,0,0,0,0,0,0,0,0,190,0,0,0
Naved-ul-Hasan,Pakistan,0,0,0,0,0,0,0,0,11,0,0,0
Iftikhar Anjum,Pakistan,0,0,0,0,0,0,0,0,51,0,0,0
Danish Kaneria,Pakistan,0,0,0,0,0,0,0,0,6,0,0,0
Bradley Hodge,Australia,0,0,0,0,0,0,0,0,152,0,0,0
Fraser Watts,Scotland,0,0,0,0,0,0,0,0,33,0,0,0
Rana Haq,Scotland,0,0,0,0,0,0,0,0,35,0,47,0
Navdeep Poonia,Scotland,0,0,0,0,0,0,0,0,1,0,0,0
Ryan Watson,Scotland,0,0,0,0,0,0,0,0,53,0,0,0
Douglas Brown,Scotland,0,0,0,0,0,0,0,0,64,0,0,0
Colin Smith,Scotland,0,0,0,0,0,0,0,0,85,0,0,0
Craig Wright,Scotland,0,0,0,0,0,0,0,0,5,0,0,0
Glenn Rogers,Scotland,0,0,0,0,0,0,0,0,32,0,0,0
Paul Hoffmann,Scotland,0,0,0,0,0,0,0,0,25,0,0,0
Geoffrey Barnett,Canada,0,0,0,0,0,0,0,0,88,0,0,0
Abdool Samad,Canada,0,0,0,0,0,0,0,12,60,0,0,0
Ian Billcliff,Canada,0,0,0,0,0,0,0,147,104,0,0,0
Qaiser Ali,Canada,0,0,0,0,0,0,0,0,6,0,0,0
Ashif Mulla,Canada,0,0,0,0,0,0,0,0,83,0,0,0
Sunil Dhaniram,Canada,0,0,0,0,0,0,0,0,81,0,0,0
Umar Bhatti,Canada,0,0,0,0,0,0,0,0,11,0,0,0
Hiren Varaiya,Kenya,0,0,0,0,0,0,0,0,5,0,0,0
Farveez Maharoof,Sri Lanka,0,0,0,0,0,0,0,0,39,0,0,0
Clay Smith,Bermuda,0,0,0,0,0,0,0,0,0,0,0,0
Oliver Pitcher,Bermuda,0,0,0,0,0,0,0,0,28,0,0,0
Saleem Mukuddem,Bermuda,0,0,0,0,0,0,0,0,0,0,0,0
David Hemp,Bermuda,0,0,0,0,0,0,0,0,90,0,0,0
Irvine Romaine,Bermuda,0,0,0,0,0,0,0,0,11,0,0,0
Janeiro Tucker,Bermuda,0,0,0,0,0,0,0,0,13,0,0,0
Dean Minors,Bermuda,0,0,0,0,0,0,0,0,48,0,0,0
Lionel Cann,Bermuda,0,0,0,0,0,0,0,0,44,0,0,0
Delyone Borden,Bermuda,0,0,0,0,0,0,0,0,21,0,0,0
Kevin Hurdle,Bermuda,0,0,0,0,0,0,0,0,6,0,0,0
Dwayne Leverock,Bermuda,0,0,0,0,0,0,0,0,10,0,0,0
Jeremy Bray,Ireland,0,0,0,0,0,0,0,0,212,0,0,0
William McCallan,Ireland,0,0,0,0,0,0,0,0,33,0,0,0
Dave Langford-Smith,Ireland,0,0,0,0,0,0,0,0,67,0,0,0
Terry Duffin,Zimbabwe,0,0,0,0,0,0,0,0,12,0,0,0
Justice Chibhabha,Zimbabwe,0,0,0,0,0,0,0,0,27,0,98,0
Stuart Matsikenyeri,Zimbabwe,0,0,0,0,0,0,0,1,107,0,19,0
Gary Brent,Zimbabwe,0,0,0,0,0,0,0,0,12,0,0,0
Edward Rainsford,Zimbabwe,0,0,0,0,0,0,0,0,1,0,0,0
Michael Vaughan,England,0,0,0,0,0,0,0,139,209,0,0,0
James Dalrymple,England,0,0,0,0,0,0,0,0,6,0,0,0
Paul Nixon,England,0,0,0,0,0,0,0,0,193,0,0,0
Monty Panesar,England,0,0,0,0,0,0,0,0,3,0,0,0
Lou Vincent,New Zealand,0,0,0,0,0,0,0,17,101,0,0,0
Shane Bond,New Zealand,0,0,0,0,0,0,0,5,2,0,0,0
Jeetan Patel,New Zealand,0,0,0,0,0,0,0,0,34,0,0,0
Ashwell Prince,South Africa,0,0,0,0,0,0,0,0,107,0,0,0
Justin Kemp,South Africa,0,0,0,0,0,0,0,0,74,0,0,0
Andrew Hall,South Africa,0,0,0,0,0,0,0,22,28,0,0,0
Charl Langeveldt,South Africa,0,0,0,0,0,0,0,0,16,0,0,0
Andre Nel,South Africa,0,0,0,0,0,0,0,0,9,0,0,0
Darren Reekers,Netherlands,0,0,0,0,0,0,0,0,38,0,0,0
Daan van Bunge,Netherlands,0,0,0,0,0,0,0,135,38,0,0,0
Lucas van Troost,Netherlands,0,0,0,0,0,0,0,96,5,0,0,0
William Stelling,Netherlands,0,0,0,0,0,0,0,0,1,0,0,0
Jeroen Smits,Netherlands,0,0,0,0,0,0,0,58,3,0,0,0
Robin Uthappa,India,0,0,0,0,0,0,0,0,30,0,0,0
Aftab Ahmed,Bangladesh,0,0,0,0,0,0,0,0,128,0,0,0
Habibul Bashar,Bangladesh,0,0,0,0,0,0,0,0,105,0,0,0
Syed Rasel,Bangladesh,0,0,0,0,0,0,0,0,16,0,0,0
Mohammad Sami,Pakistan,0,0,0,0,0,0,0,0,17,0,0,0
Mark Jonkman,Netherlands,0,0,0,0,0,0,0,0,0,0,0,0
Desmond Chumney,Canada,0,0,0,0,0,0,0,68,27,0,0,0
George Codrington,Canada,0,0,0,0,0,0,0,0,7,0,0,0
Steven Outerbridge,Bermuda,0,0,0,0,0,0,0,0,9,0,0,0
Malachi Jones,Bermuda,0,0,0,0,0,0,0,0,1,0,0,0
Friday Kasteni,Zimbabwe,0,0,0,0,0,0,0,0,9,0,0,0
Tawanda Mupariwa,Zimbabwe,0,0,0,0,0,0,0,0,0,0,19,0
Anthony Ireland,Zimbabwe,0,0,0,0,0,0,0,0,0,0,0,0
Michael Mason,New Zealand,0,0,0,0,0,0,0,0,0,0,0,0
Neil McCallum,Scotland,0,0,0,0,0,0,0,0,25,0,0,0
Dewal Nel,Scotland,0,0,0,0,0,0,0,0,0,0,0,0
Makhaya Ntini,South Africa,0,0,0,0,0,0,0,14,15,0,0,0
Peter Fulton,New Zealand,0,0,0,0,0,0,0,0,297,0,0,0
Daryl Tuffey,New Zealand,0,0,0,0,0,0,0,15,0,0,0,0
Kevin Sandher,Canada,0,0,0,0,0,0,0,0,2,0,0,0
Mohammad Kashif,Netherlands,0,0,0,0,0,0,0,0,0,0,0,0
Ian Bradshaw,West Indies,0,0,0,0,0,0,0,0,26,0,0,0
Sajid Mahmood,England,0,0,0,0,0,0,0,0,2,0,0,0
Lendl Simmons,West Indies,0,0,0,0,0,0,0,0,14,0,173,0
Hamish Marshall,New Zealand,0,0,0,0,0,0,0,0,81,0,0,0
Tapash Baisya,Bangladesh,0,0,0,0,0,0,0,7,0,0,0,0
Javed Omar,Bangladesh,0,0,0,0,0,0,0,0,55,0,0,0
Paul Mooney,Ireland,0,0,0,0,0,0,0,0,0,0,0,0
Peter Gillespie,Ireland,0,0,0,0,0,0,0,0,2,0,0,0
Loots Bosman,South Africa,0,0,0,0,0,0,0,0,0,0,0,0
Mark Gillespie,New Zealand,0,0,0,0,0,0,0,0,2,0,0,0
Stuart Clark,Australia,0,0,0,0,0,0,0,0,0,0,0,0
Shahadat Hossain,Bangladesh,0,0,0,0,0,0,0,0,0,0,0,0
C Bandara,Sri Lanka,0,0,0,0,0,0,0,0,17,0,0,0
Kenneth Carroll,Ireland,0,0,0,0,0,0,0,0,0,0,0,0
Marcus Trescothick,England,0,0,0,0,0,0,0,116,0,0,0,0
Nicholas Knight,England,0,0,0,0,0,0,0,103,0,0,0,0
Ashley Giles,England,0,0,0,0,0,0,0,19,0,0,0,0
Andy Caddick,England,0,0,0,0,0,0,0,25,0,0,0,0
Al Sahariar Rokon,Bangladesh,0,0,0,0,0,0,0,33,0,0,0,0
Ehsanul Haque,Bangladesh,0,0,0,0,0,0,0,16,0,0,0,0
Sanwar Hossain,Bangladesh,0,0,0,0,0,0,0,61,0,0,0,0
Alok Kapali,Bangladesh,0,0,0,0,0,0,0,80,0,0,0,0
Tushar Imran,Bangladesh,0,0,0,0,0,0,0,57,0,0,0,0
Talha Jubair,Bangladesh,0,0,0,0,0,0,0,4,0,0,0,0
Boeta Dippenaar,South Africa,0,0,0,0,0,0,0,108,0,0,0,0
Monde Zondeki,South Africa,0,0,0,0,0,0,0,1,0,0,0,0
Ishwar Maraj,Canada,0,0,0,0,0,0,0,98,0,0,0,0
Nicholas Ifill,Canada,0,0,0,0,0,0,0,16,0,0,0,0
Joseph Harris,Canada,0,0,0,0,0,0,0,91,0,0,0,0
Nicholas De Groot,Canada,0,0,0,0,0,0,0,44,0,0,0,0
Austin Codrington,Canada,0,0,0,0,0,0,0,28,0,0,0,0
Barry Seebaran,Canada,0,0,0,0,0,0,0,4,0,0,0,0
Davis Joseph,Canada,0,0,0,0,0,0,0,13,0,0,0,0
Wavell Hinds,West Indies,0,0,0,0,0,0,0,90,0,0,0,0
Vasbert Drakes,West Indies,0,0,0,0,0,0,0,42,0,0,0,0
Pedro Collins,West Indies,0,0,0,0,0,0,0,1,0,0,0,0
Dinesh Mongia,India,0,0,0,0,0,0,0,120,0,0,0,0
Mohammad Kaif,India,0,0,0,0,0,0,0,182,0,0,0,0
Stephan Swanepoel,Namibia,0,0,0,0,0,0,0,43,0,0,0,0
Andries Burger,Namibia,0,0,0,0,0,0,0,199,0,0,0,0
Louis Burger,Namibia,0,0,0,0,0,0,0,11,0,0,0,0
Daniel Keulder,Namibia,0,0,0,0,0,0,0,132,0,0,0,0
Bryan Murgatroyd,Namibia,0,0,0,0,0,0,0,90,0,0,0,0
Deon Kotze,Namibia,0,0,0,0,0,0,0,82,0,0,0,0
Melt van Schoor,Namibia,0,0,0,0,0,0,0,58,0,0,0,0
Burton van Rooi,Namibia,0,0,0,0,0,0,0,26,0,0,0,0
Bjorn Kotze,Namibia,0,0,0,0,0,0,0,27,0,0,0,0
Gerrie Synman,Namibia,0,0,0,0,0,0,0,5,0,0,0,0
Rudolph van Vuuren,Namibia,0,0,0,0,0,0,0,26,0,0,0,0
Craig Wishart,Zimbabwe,0,0,0,0,0,0,0,293,0,0,0,0
Dion Ebrahim,Zimbabwe,0,0,0,0,0,0,0,79,0,0,0,0
Douglas Marillier,Zimbabwe,0,0,0,0,0,0,0,41,0,0,0,0
Andy Blignaut,Zimbabwe,0,0,0,0,0,0,0,123,0,0,0,0
Brian Murphy,Zimbabwe,0,0,0,0,0,0,0,3,0,0,0,0
Douglas Hondo,Zimbabwe,0,0,0,0,0,0,0,3,0,0,0,0
Jason Gillespie,Australia,0,0,0,0,0,0,0,6,0,0,0,0
Brijal Patel,Kenya,0,0,0,0,0,0,0,56,0,0,0,0
Prabath Nissanka,Sri Lanka,0,0,0,0,0,0,0,2,0,0,0,0
Taufeeq Umar,Pakistan,0,0,0,0,0,0,0,91,0,0,0,0
Saleem Elahi,Pakistan,0,0,0,0,0,0,0,98,0,0,0,0
Nick Statham,Netherlands,0,0,0,0,0,0,0,7,0,0,0,0
Edgar Schiferli,Netherlands,0,0,0,0,0,0,0,75,0,0,0,0
Hendrik Mol,Netherlands,0,0,0,0,0,0,0,38,0,0,0,0
Jacob-Jan Esmeijer,Netherlands,0,0,0,0,0,0,0,3,0,0,0,0
Ronald Irani,England,0,0,0,0,0,0,0,12,0,0,0,0
Hannan Sarkar,Bangladesh,0,0,0,0,0,0,0,34,0,0,0,0
Andre Adams,New Zealand,0,0,0,0,0,0,0,90,0,0,0,0
Matthew Sinclair,New Zealand,0,0,0,0,0,0,0,0,0,0,0,0
Ashish Patel,Canada,0,0,0,0,0,0,0,25,0,0,0,0
Andy Bichel,Australia,0,0,0,0,0,0,0,117,0,0,0,0
Morne Karg,Namibia,0,0,0,0,0,0,0,45,0,0,0,0
Pulasthi Gunaratne,Sri Lanka,0,0,0,0,0,0,0,15,0,0,0,0
Mark Vermeulen,Zimbabwe,0,0,0,0,0,0,0,66,0,0,0,0
Jan Kloppenburg,Netherlands,0,0,0,0,0,0,0,158,0,0,0,0
Reiout Scholte,Netherlands,0,0,0,0,0,0,0,16,0,0,0,0
Sarel Burger,Namibia,0,0,0,0,0,0,0,11,0,0,0,0
Jermaine Lawson,West Indies,0,0,0,0,0,0,0,0,0,0,0,0
Ian Harvey,Australia,0,0,0,0,0,0,0,66,0,0,0,0
Sean Ervine,Zimbabwe,0,0,0,0,0,0,0,43,0,0,0,0
Jehan Mubarak,Sri Lanka,0,0,0,0,0,0,0,0,0,0,0,0
Avishka Gunawardene,Sri Lanka,0,0,0,0,0,0,0,42,0,0,0,0
Travis Friend,Zimbabwe,0,0,0,0,0,0,0,21,0,0,0,0
Riaan Walters,Namibia,0,0,0,0,0,0,0,0,0,0,0,0
Jan Louw,Namibia,0,0,0,0,0,0,0,0,0,0,0,0
James Maher,Australia,0,0,0,0,0,0,0,35,0,0,0,0
Fazil Sattaur,Canada,0,0,0,0,0,0,0,20,0,0,0,0
Sanjayan Thuraisingam,Canada,0,0,0,0,0,0,0,25,0,0,0,0
Nixon McLean,West Indies,0,0,0,0,0,0,0,5,0,0,0,0
Ian Blackwell,England,0,0,0,0,0,0,0,38,0,0,0,0
John Jameson,England,32,0,0,0,0,0,0,0,0,0,0,0
Dennis Amiss,England,243,0,0,0,0,0,0,0,0,0,0,0
Keith Fletcher,England,207,0,0,0,0,0,0,0,0,0,0,0
Tony Greig,England,29,0,0,0,0,0,0,0,0,0,0,0
Michael Denness,England,113,0,0,0,0,0,0,0,0,0,0,0
Chris Old,England,89,2,0,0,0,0,0,0,0,0,0,0
Barry Wood,England,83,0,0,0,0,0,0,0,0,0,0,0
Alan Knott,England,18,0,0,0,0,0,0,0,0,0,0,0
John Snow,England,2,0,0,0,0,0,0,0,0,0,0,0
Peter Lever,England,5,0,0,0,0,0,0,0,0,0,0,0
Geoffrey Arnold,England,18,0,0,0,0,0,0,0,0,0,0,0
Eknath Solkar,India,21,0,0,0,0,0,0,0,0,0,0,0
Anshuman Gaekwad,India,59,54,0,0,0,0,0,0,0,0,0,0
Gundappa Viswanath,India,39,106,0,0,0,0,0,0,0,0,0,0
Brijesh Patel,India,25,63,0,0,0,0,0,0,0,0,0,0
Mohinder Amarnath,India,1,16,237,0,0,0,0,0,0,0,0,0
Farokh Engineer,India,78,0,0,0,0,0,0,0,0,0,0,0
Syed Abid Ali,India,70,0,0,0,0,0,0,0,0,0,0,0
Sharma Madan Lal,India,20,0,102,0,0,0,0,0,0,0,0,0
Srinivas Venkataraghavan,India,26,23,0,0,0,0,0,0,0,0,0,0
Karsan Ghavri,India,0,35,0,0,0,0,0,0,0,0,0,0
Glenn Turner,New Zealand,333,176,103,0,0,0,0,0,0,0,0,0
John Morrison,New Zealand,91,11,0,0,0,0,0,0,0,0,0,0
Geoff Howarth,New Zealand,80,70,224,0,0,0,0,0,0,0,0,0
John Parker,New Zealand,71,0,0,0,0,0,0,0,0,0,0,0
Brian Hastings,New Zealand,76,0,0,0,0,0,0,0,0,0,0,0
Kenneth Wadsworth,New Zealand,68,0,0,0,0,0,0,0,0,0,0,0
Sir Richard Hadlee,New Zealand,21,57,71,0,0,0,0,0,0,0,0,0
Brian McKechnie,New Zealand,28,17,0,0,0,0,0,0,0,0,0,0
Dayle Hadlee,New Zealand,28,0,0,0,0,0,0,0,0,0,0,0
Hedley Howarth,New Zealand,1,0,0,0,0,0,0,0,0,0,0,0
Richard Collinge,New Zealand,8,0,0,0,0,0,0,0,0,0,0,0
Frasat Ali,East Africa,57,0,0,0,0,0,0,0,0,0,0,0
Samuel Walusimbi,East Africa,38,0,0,0,0,0,0,0,0,0,0,0
Ramesh Sethi,East Africa,54,0,0,0,0,0,0,0,0,0,0,0
Shiraz Sumar,East Africa,4,0,0,0,0,0,0,0,0,0,0,0
Jawahir Shah,East Africa,46,0,0,0,0,0,0,0,0,0,0,0
Harilal Shah,East Africa,6,0,0,0,0,0,0,0,0,0,0,0
Mehmood Quaraishy,East Africa,41,0,0,0,0,0,0,0,0,0,0,0
Zulfiqar Ali,East Africa,39,0,0,0,0,0,0,0,0,0,0,0
Hamish McLeod,East Africa,5,0,0,0,0,0,0,0,0,0,0,0
Parbhu Nana,East Africa,9,0,0,0,0,0,0,0,0,0,0,0
John Nagenda,East Africa,0,0,0,0,0,0,0,0,0,0,0,0
Alan Turner,Australia,201,0,0,0,0,0,0,0,0,0,0,0
Richard McCosker,Australia,120,0,0,0,0,0,0,0,0,0,0,0
Ian Chappell,Australia,121,0,0,0,0,0,0,0,0,0,0,0
Greg Chappell,Australia,129,0,0,0,0,0,0,0,0,0,0,0
Doug Walters,Australia,123,0,0,0,0,0,0,0,0,0,0,0
Ross Edwards,Australia,166,0,0,0,0,0,0,0,0,0,0,0
Rod Marsh,Australia,78,0,142,0,0,0,0,0,0,0,0,0
Max Walker,Australia,33,0,0,0,0,0,0,0,0,0,0,0
Jeff Thomson,Australia,51,0,0,0,0,0,0,0,0,0,0,0
Ashley Mallett,Australia,0,0,0,0,0,0,0,0,0,0,0,0
Dennis Lillee,Australia,19,0,0,0,0,0,0,0,0,0,0,0
Sadiq Mohammad,Pakistan,85,104,0,0,0,0,0,0,0,0,0,0
Majid Khan,Pakistan,209,150,0,0,0,0,0,0,0,0,0,0
Zaheer Abbas,Pakistan,136,148,313,0,0,0,0,0,0,0,0,0
Mushtaq Mohammad,Pakistan,89,0,0,0,0,0,0,0,0,0,0,0
Asif Iqbal,Pakistan,53,129,0,0,0,0,0,0,0,0,0,0
Wasim Raja,Pakistan,91,39,24,0,0,0,0,0,0,0,0,0
Sarfraz Nawaz,Pakistan,0,12,53,0,0,0,0,0,0,0,0,0
Wasim Bari,Pakistan,3,26,58,0,0,0,0,0,0,0,0,0
Asif Masood,Pakistan,6,0,0,0,0,0,0,0,0,0,0,0
Naseer Malik,Pakistan,0,0,0,0,0,0,0,0,0,0,0,0
Ranjit Fernando,Sri Lanka,47,0,0,0,0,0,0,0,0,0,0,0
Bandula Warnapura,Sri Lanka,41,38,0,0,0,0,0,0,0,0,0,0
Anura Tennekoon,Sri Lanka,78,59,0,0,0,0,0,0,0,0,0,0
Peter Heyn,Sri Lanka,3,0,0,0,0,0,0,0,0,0,0,0
Michael Tissera,Sri Lanka,78,0,0,0,0,0,0,0,0,0,0,0
Anura Ranasinghe,Sri Lanka,23,0,0,0,0,0,0,0,0,0,0,0
Mevan Pieris,Sri Lanka,19,0,0,0,0,0,0,0,0,0,0,0
Antony Opatha,Sri Lanka,11,18,0,0,0,0,0,0,0,0,0,0
Somachandra De Silva,Sri Lanka,47,7,94,0,0,0,0,0,0,0,0,0
Lalith Kaluperuma,Sri Lanka,19,0,0,0,0,0,0,0,0,0,0,0
Roy Fredericks,West Indies,116,0,0,0,0,0,0,0,0,0,0,0
Deryck Murray,West Indies,105,18,0,0,0,0,0,0,0,0,0,0
Alvin Kallicharran,West Indies,197,54,0,0,0,0,0,0,0,0,0,0
Rohan Kanhai,West Indies,109,0,0,0,0,0,0,0,0,0,0,0
Clive Lloyd,West Indies,158,123,112,0,0,0,0,0,0,0,0,0
Bernard Julien,West Indies,48,0,0,0,0,0,0,0,0,0,0,0
Keith Boyce,West Indies,41,0,0,0,0,0,0,0,0,0,0,0
Vanburn Holder,West Indies,22,0,0,0,0,0,0,0,0,0,0,0
Andy Roberts,West Indies,24,8,53,0,0,0,0,0,0,0,0,0
Lance Gibbs,West Indies,0,0,0,0,0,0,0,0,0,0,0,0
Frank Hayes,England,90,0,0,0,0,0,0,0,0,0,0,0
Derek Underwood,England,0,0,0,0,0,0,0,0,0,0,0,0
Barry Hadlee,New Zealand,19,0,0,0,0,0,0,0,0,0,0,0
Praful Mehta,East Africa,12,0,0,0,0,0,0,0,0,0,0,0
Yunus Badat,East Africa,1,0,0,0,0,0,0,0,0,0,0,0
Donald Pringle,East Africa,5,0,0,0,0,0,0,0,0,0,0,0
Bishen Bedi,India,6,19,0,0,0,0,0,0,0,0,0,0
Sunil Wettimuny,Sri Lanka,53,83,0,0,0,0,0,0,0,0,0,0
Pervez Mir,Pakistan,8,0,0,0,0,0,0,0,0,0,0,0
Gordon Greenidge,West Indies,88,253,250,0,0,0,0,0,0,0,0,0
Ajit de Silva,Sri Lanka,0,2,0,0,0,0,0,0,0,0,0,0
Gary Gilmour,Australia,42,0,0,0,0,0,0,0,0,0,0,0
Lance Cairns,New Zealand,10,17,16,0,0,0,0,0,0,0,0,0
Grant Elliott,New Zealand,0,0,0,0,0,0,0,0,0,0,310,0
Corey Anderson,New Zealand,0,0,0,0,0,0,0,0,0,0,231,0
Luke Ronchi,New Zealand,0,0,0,0,0,0,0,0,0,0,73,0
Adam Milne,New Zealand,0,0,0,0,0,0,0,0,0,0,1,0
George Bailey,Australia,0,0,0,0,0,0,0,0,0,0,55,0
Mitchell Marsh,Australia,0,0,0,0,0,0,0,0,0,0,31,0
Josh Hazlewood,Australia,0,0,0,0,0,0,0,0,0,0,0,0
Gary Ballance,England,0,0,0,0,0,0,0,0,0,0,36,0
James Taylor,England,0,0,0,0,0,0,0,0,0,0,149,0
Steven Finn,England,0,0,0,0,0,0,0,0,0,0,2,0
Farhaan Behardien,South Africa,0,0,0,0,0,0,0,0,0,0,74,0
Vernon Philander,South Africa,0,0,0,0,0,0,0,0,0,0,10,0
Sikandar Raza,Zimbabwe,0,0,0,0,0,0,0,0,0,0,125,0
Hamilton Masakadza,Zimbabwe,0,0,0,0,0,0,0,0,0,0,122,0
Solomon Mire,Zimbabwe,0,0,0,0,0,0,0,0,0,0,64,0
Tendai Chatara,Zimbabwe,0,0,0,0,0,0,0,0,0,0,23,0
Tafadzwa Kamungozi,Zimbabwe,0,0,0,0,0,0,0,0,0,0,6,0
Ravindra Jadeja,India,0,0,0,0,0,0,0,0,0,0,57,0
Ajinkya Rahane,India,0,0,0,0,0,0,0,0,0,0,208,0
Mohammed Shami,India,0,0,0,0,0,0,0,0,0,0,8,0
Umesh Yadav,India,0,0,0,0,0,0,0,0,0,0,0,0
Mohit Sharma,India,0,0,0,0,0,0,0,0,0,0,0,0
Sohaib Maqsood,Pakistan,0,0,0,0,0,0,0,0,0,0,153,0
Yasir Shah,Pakistan,0,0,0,0,0,0,0,0,0,0,13,0
Sohail Khan,Pakistan,0,0,0,0,0,0,0,0,0,0,21,0
Mohammad Irfan,Pakistan,0,0,0,0,0,0,0,0,0,0,4,0
Andy Balbirnie,Ireland,0,0,0,0,0,0,0,0,0,0,236,0
Max Sorensen,Ireland,0,0,0,0,0,0,0,0,0,0,22,0
Andy McBrine,Ireland,0,0,0,0,0,0,0,0,0,0,2,0
Kyle Coetzer,Scotland,0,0,0,0,0,0,0,0,0,0,253,0
Calum Macleod,Scotland,0,0,0,0,0,0,0,0,0,0,48,0
Hamish Gardiner,Scotland,0,0,0,0,0,0,0,0,0,0,24,0
Matthew Machan,Scotland,0,0,0,0,0,0,0,0,0,0,186,0
Preston Mommsen,Scotland,0,0,0,0,0,0,0,0,0,0,148,0
Richard Berrington,Scotland,0,0,0,0,0,0,0,0,0,0,139,0
Matthew Cross,Scotland,0,0,0,0,0,0,0,0,0,0,88,0
Joshua Davey,Scotland,0,0,0,0,0,0,0,0,0,0,55,0
Robert Taylor,Scotland,0,32,0,0,0,0,0,0,0,0,7,0
Iain Wardlaw,Scotland,0,0,0,0,0,0,0,0,0,0,1,0
Anamul Haque,Bangladesh,0,0,0,0,0,0,0,0,0,0,58,0
Sabbir Rahman,Bangladesh,0,0,0,0,0,0,0,0,0,0,182,0
Mominul Haque,Bangladesh,0,0,0,0,0,0,0,0,0,0,4,0
Taskin Ahmed,Bangladesh,0,0,0,0,0,0,0,0,0,0,1,0
Javed Ahmadi,Afghanistan,0,0,0,0,0,0,0,0,0,0,97,0
Afsar Zazai,Afghanistan,0,0,0,0,0,0,0,0,0,0,36,0
Nawroz Mangal,Afghanistan,0,0,0,0,0,0,0,0,0,0,108,0
Asghar Afghan,Afghanistan,0,0,0,0,0,0,0,0,0,0,72,0
Samiullah Shinwari,Afghanistan,0,0,0,0,0,0,0,0,0,0,254,0
Mirwais Ashraf,Afghanistan,0,0,0,0,0,0,0,0,0,0,38,0
Shapoor Zadran,Afghanistan,0,0,0,0,0,0,0,0,0,0,17,0
Amjad Ali,United Arab Emirates,0,0,0,0,0,0,0,0,0,0,96,0
Andri Berenger,United Arab Emirates,0,0,0,0,0,0,0,0,0,0,53,0
Krishna Chandran,United Arab Emirates,0,0,0,0,0,0,0,0,0,0,38,0
Khurram Khan,United Arab Emirates,0,0,0,0,0,0,0,0,0,0,155,0
Swapnil Patil,United Arab Emirates,0,0,0,0,0,0,0,0,0,0,140,0
Shaiman Anwar,United Arab Emirates,0,0,0,0,0,0,0,0,0,0,311,0
Rohan Mustafa,United Arab Emirates,0,0,0,0,0,0,0,0,0,0,8,0
Amjad Javed,United Arab Emirates,0,0,0,0,0,0,0,0,0,0,170,0
Mohammad Naveed,United Arab Emirates,0,0,0,0,0,0,0,0,0,0,73,0
Mohammad Tauqir,United Arab Emirates,0,0,0,0,0,0,0,0,0,0,8,0
Nasir Aziz,United Arab Emirates,0,0,0,0,0,0,0,0,0,0,60,0
Nasir Jamshed,Pakistan,0,0,0,0,0,0,0,0,0,0,5,0
Freddie Coleman,Scotland,0,0,0,0,0,0,0,0,0,0,77,0
Alasdair Evans,Scotland,0,0,0,0,0,0,0,0,0,0,38,0
Jonathan Carter,West Indies,0,0,0,0,0,0,0,0,0,0,113,0
Manjula Guruge,United Arab Emirates,0,0,0,0,0,0,0,0,0,0,14,0
Dinesh Chandimal,Sri Lanka,0,0,0,0,0,0,0,0,0,0,52,0
Rilee Rossouw,South Africa,0,0,0,0,0,0,0,0,0,0,210,0
Kyle Abbott,South Africa,0,0,0,0,0,0,0,0,0,0,12,0
Rahat Ali,Pakistan,0,0,0,0,0,0,0,0,0,0,7,0
James Faulkner,Australia,0,0,0,0,0,0,0,0,0,0,44,0
Usman Ghani,Afghanistan,0,0,0,0,0,0,0,0,0,0,12,0
Nasir Hossain,Bangladesh,0,0,0,0,0,0,0,0,0,0,46,0
Xavier Doherty,Australia,0,0,0,0,0,0,0,0,0,0,0,0
Seekkuge Prasanna,Sri Lanka,0,0,0,0,0,0,0,0,0,0,12,0
Sachithra Senanayake,Sri Lanka,0,0,0,0,0,0,0,0,0,0,7,0
Arafat Sunny,Bangladesh,0,0,0,0,0,0,0,0,0,0,3,0
Alexander Hales,England,0,0,0,0,0,0,0,0,0,0,64,0
Chris Jordan,England,0,0,0,0,0,0,0,0,0,0,0,0
Stuart Thompson,Ireland,0,0,0,0,0,0,0,0,0,0,14,0
Dushmantha Chameera,Sri Lanka,0,0,0,0,0,0,0,0,0,0,14,0
Michael Leask,Scotland,0,0,0,0,0,0,0,0,0,0,25,0
Saqlain Haider,United Arab Emirates,0,0,0,0,0,0,0,0,0,0,7,0
Kamran Shahzad,United Arab Emirates,0,0,0,0,0,0,0,0,0,0,0,0
Fahad Alhashmi,United Arab Emirates,0,0,0,0,0,0,0,0,0,0,0,0
Taijul Islam,Bangladesh,0,0,0,0,0,0,0,0,0,0,0,0
Mitchell McClenaghan,New Zealand,0,0,0,0,0,0,0,0,0,0,0,0
Nasir Jamal,Afghanistan,0,0,0,0,0,0,0,0,0,0,17,0
Shafiqullah,Afghanistan,0,0,0,0,0,0,0,0,0,0,30,0
Johnson Charles,West Indies,0,0,0,0,0,0,0,0,0,0,58,0
Ehsan Adil,Pakistan,0,0,0,0,0,0,0,0,0,0,15,0
Tharindu Kaushal,Sri Lanka,0,0,0,0,0,0,0,0,0,0,0,0
Surinder Khanna,India,0,17,0,0,0,0,0,0,0,0,0,0
Collis King,West Indies,0,132,0,0,0,0,0,0,0,0,0,0
Joel Garner,West Indies,0,9,42,0,0,0,0,0,0,0,0,0
Michael Holding,West Indies,0,0,36,0,0,0,0,0,0,0,0,0
Colin Croft,West Indies,0,0,0,0,0,0,0,0,0,0,0,0
Sunil Jayasinghe,Sri Lanka,0,1,0,0,0,0,0,0,0,0,0,0
Sudath Pasqual,Sri Lanka,0,24,0,0,0,0,0,0,0,0,0,0
Stanley de Silva,Sri Lanka,0,10,0,0,0,0,0,0,0,0,0,0
Jeremy Coney,New Zealand,0,47,197,0,0,0,0,0,0,0,0,0
Mark Burgess,New Zealand,0,45,0,0,0,0,0,0,0,0,0,0
Warren Lees,New Zealand,0,28,60,0,0,0,0,0,0,0,0,0
Leslie Stott,New Zealand,0,0,0,0,0,0,0,0,0,0,0,0
Gary Troup,New Zealand,0,3,0,0,0,0,0,0,0,0,0,0
Andrew Hilditch,Australia,0,143,0,0,0,0,0,0,0,0,0,0
Rick Darling,Australia,0,51,0,0,0,0,0,0,0,0,0,0
Kim Hughes,Australia,0,48,170,0,0,0,0,0,0,0,0,0
Graham Yallop,Australia,0,60,187,0,0,0,0,0,0,0,0,0
Garry Cosier,Australia,0,6,0,0,0,0,0,0,0,0,0,0
Trevor Laughlin,Australia,0,8,0,0,0,0,0,0,0,0,0,0
Kevin Wright,Australia,0,29,0,0,0,0,0,0,0,0,0,0
Rodney Hogg,Australia,0,0,29,0,0,0,0,0,0,0,0,0
Alan Hurst,Australia,0,6,0,0,0,0,0,0,0,0,0,0
Geoffrey Dymock,Australia,0,14,0,0,0,0,0,0,0,0,0,0
Mike Brearley,England,0,161,0,0,0,0,0,0,0,0,0,0
Geoff Boycott,England,0,92,0,0,0,0,0,0,0,0,0,0
Derek Randall,England,0,64,0,0,0,0,0,0,0,0,0,0
David Gower,England,0,50,384,0,0,0,0,0,0,0,0,0
Phillippe Edmonds,England,0,7,0,0,0,0,0,0,0,0,0,0
Michael Hendrick,England,0,1,0,0,0,0,0,0,0,0,0,0
Bob Willis,England,0,25,0,0,0,0,0,0,0,0,0,0
Christopher Chappell,Canada,0,38,0,0,0,0,0,0,0,0,0,0
Glenroy Sealy,Canada,0,73,0,0,0,0,0,0,0,0,0,0
Franklym Dennis,Canada,0,47,0,0,0,0,0,0,0,0,0,0
Martin Stead,Canada,0,10,0,0,0,0,0,0,0,0,0,0
Cecil Marshall,Canada,0,10,0,0,0,0,0,0,0,0,0,0
John Vaughan,Canada,0,30,0,0,0,0,0,0,0,0,0,0
Bryan Mauricette,Canada,0,20,0,0,0,0,0,0,0,0,0,0
Tariq Javed,Canada,0,15,0,0,0,0,0,0,0,0,0,0
Jitendra Patel,Canada,0,3,0,0,0,0,0,0,0,0,0,0
Cornelius Henry,Canada,0,6,0,0,0,0,0,0,0,0,0,0
John Valentine,Canada,0,3,0,0,0,0,0,0,0,0,0,0
Haroon Rashid,Pakistan,0,69,0,0,0,0,0,0,0,0,0,0
Sikander Bakht,Pakistan,0,3,0,0,0,0,0,0,0,0,0,0
Bruce Edgar,New Zealand,0,113,81,0,0,0,0,0,0,0,0,0
Jeffrey Moss,Australia,0,7,0,0,0,0,0,0,0,0,0,0
Graeme Porter,Australia,0,3,0,0,0,0,0,0,0,0,0,0
Robert Callender,Canada,0,0,0,0,0,0,0,0,0,0,0,0
Geoff Miller,England,0,0,0,0,0,0,0,0,0,0,0,0
Ranjan Goonatillake,Sri Lanka,0,0,0,0,0,0,0,0,0,0,0,0
Showkat Baksh,Canada,0,0,0,0,0,0,0,0,0,0,0,0
Wayne Larkins,England,0,7,0,0,0,0,0,0,0,0,0,0
Mohsin Khan,Pakistan,0,0,223,0,0,0,0,0,0,0,0,0
Ijaz Faqih,Pakistan,0,0,61,0,0,0,0,0,0,0,0,0
Shahid Mahboob,Pakistan,0,0,100,0,0,0,0,0,0,0,0,0
Larry Gomes,West Indies,0,0,258,0,0,0,0,0,0,0,0,0
Sheik Bacchus,West Indies,0,0,157,0,0,0,0,0,0,0,0,0
Wayne Daniel,West Indies,0,0,16,0,0,0,0,0,0,0,0,0
Winston Davis,West Indies,0,0,0,0,0,0,0,0,0,0,0,0
Graeme Wood,Australia,0,0,144,0,0,0,0,0,0,0,0,0
David Hookes,Australia,0,0,133,0,0,0,0,0,0,0,0,0
Kenneth MacLeay,Australia,0,0,19,0,0,0,0,0,0,0,0,0
Geoff Lawson,Australia,0,0,24,0,0,0,0,0,0,0,0,0
Jack Heron,Zimbabwe,0,0,50,0,0,0,0,0,0,0,0,0
Duncan Fletcher,Zimbabwe,0,0,191,0,0,0,0,0,0,0,0,0
Sandeep Patil,India,0,0,216,0,0,0,0,0,0,0,0,0
Yashpal Sharma,India,0,0,240,0,0,0,0,0,0,0,0,0
Syed Kirmani,India,0,0,61,0,0,0,0,0,0,0,0,0
Balwinder Sandhu,India,0,0,28,0,0,0,0,0,0,0,0,0
Graeme Fowler,England,0,0,360,0,0,0,0,0,0,0,0,0
Chris Tavare,England,0,0,212,0,0,0,0,0,0,0,0,0
Ian Gould,England,0,0,66,0,0,0,0,0,0,0,0,0
Victor Marks,England,0,0,18,0,0,0,0,0,0,0,0,0
Graham Dilley,England,0,0,90,0,0,0,0,0,0,0,0,0
Paul Allott,England,0,0,8,0,0,0,0,0,0,0,0,0
Sidath Wettimuny,Sri Lanka,0,0,128,0,0,0,0,0,0,0,0,0
Guy De Alwis,Sri Lanka,0,0,167,0,0,0,0,0,0,0,0,0
Trevor Chappell,Australia,0,0,139,0,0,0,0,0,0,0,0,0
Thomas Hogan,Australia,0,0,24,0,0,0,0,0,0,0,0,0
Gerald Peckover,Zimbabwe,0,0,33,0,0,0,0,0,0,0,0,0
Vincent Hogg,Zimbabwe,0,0,7,0,0,0,0,0,0,0,0,0
Norman Cowans,England,0,0,0,0,0,0,0,0,0,0,0,0
Kirtivardhan Azad,India,0,0,15,0,0,0,0,0,0,0,0,0
Tahir Naqqash,Pakistan,0,0,0,0,0,0,0,0,0,0,0,0
