Match ID,Match Date,Year,Team 1,Team 2,Winner,Result,Groud,Link
0067,07/06/1975,1975,England,India,England,England won by 202 runs,"Lord's, London",http://howstat.com/cricket/Statistics/WorldCup/MatchScorecard.asp?MatchCode=0067
0068,07/06/1975,1975,East Africa,New Zealand,New Zealand,New Zealand won by 181 runs,"Edgbaston, Birmingham",http://howstat.com/cricket/Statistics/WorldCup/MatchScorecard.asp?MatchCode=0068
0069,07/06/1975,1975,Australia,Pakistan,Australia,Australia won by 73 runs,"Headingley, Leeds",http://howstat.com/cricket/Statistics/WorldCup/MatchScorecard.asp?MatchCode=0069
0070,07/06/1975,1975,Sri Lanka,West Indies,West Indies,West Indies won by 9 wickets,"Old Trafford, Manchester",http://howstat.com/cricket/Statistics/WorldCup/MatchScorecard.asp?MatchCode=0070
0071,11/06/1975,1975,England,New Zealand,England,England won by 80 runs,"Trent Bridge, Nottingham",http://howstat.com/cricket/Statistics/WorldCup/MatchScorecard.asp?MatchCode=0071
0072,11/06/1975,1975,East Africa,India,India,India won by 10 wickets,"Headingley, Leeds",http://howstat.com/cricket/Statistics/WorldCup/MatchScorecard.asp?MatchCode=0072
0073,11/06/1975,1975,Australia,Sri Lanka,Australia,Australia won by 52 runs,"Kennington Oval, London",http://howstat.com/cricket/Statistics/WorldCup/MatchScorecard.asp?MatchCode=0073
0074,11/06/1975,1975,Pakistan,West Indies,West Indies,West Indies won by 1 wicket,"Edgbaston, Birmingham",http://howstat.com/cricket/Statistics/WorldCup/MatchScorecard.asp?MatchCode=0074
0075,14/06/1975,1975,England,East Africa,England,England won by 196 runs,"Edgbaston, Birmingham",http://howstat.com/cricket/Statistics/WorldCup/MatchScorecard.asp?MatchCode=0075
0076,14/06/1975,1975,India,New Zealand,New Zealand,New Zealand won by 4 wickets,"Old Trafford, Manchester",http://howstat.com/cricket/Statistics/WorldCup/MatchScorecard.asp?MatchCode=0076
0077,14/06/1975,1975,Australia,West Indies,West Indies,West Indies won by 7 wickets,"Kennington Oval, London",http://howstat.com/cricket/Statistics/WorldCup/MatchScorecard.asp?MatchCode=0077
0078,14/06/1975,1975,Pakistan,Sri Lanka,Pakistan,Pakistan won by 192 runs,"Trent Bridge, Nottingham",http://howstat.com/cricket/Statistics/WorldCup/MatchScorecard.asp?MatchCode=0078
0079,18/06/1975,1975,England,Australia,Australia,Australia won by 4 wickets,"Headingley, Leeds",http://howstat.com/cricket/Statistics/WorldCup/MatchScorecard.asp?MatchCode=0079
0080,18/06/1975,1975,New Zealand,West Indies,West Indies,West Indies won by 5 wickets,"Kennington Oval, London",http://howstat.com/cricket/Statistics/WorldCup/MatchScorecard.asp?MatchCode=0080
0081,21/06/1975,1975,Australia,West Indies,West Indies,West Indies won by 17 runs,"Lord's, London",http://howstat.com/cricket/Statistics/WorldCup/MatchScorecard.asp?MatchCode=0081
0109,09/06/1979,1979,India,West Indies,West Indies,West Indies won by 9 wickets,"Edgbaston, Birmingham",http://howstat.com/cricket/Statistics/WorldCup/MatchScorecard.asp?MatchCode=0109
0110,09/06/1979,1979,New Zealand,Sri Lanka,New Zealand,New Zealand won by 9 wickets,"Trent Bridge, Nottingham",http://howstat.com/cricket/Statistics/WorldCup/MatchScorecard.asp?MatchCode=0110
0111,09/06/1979,1979,England,Australia,England,England won by 6 wickets,"Lord's, London",http://howstat.com/cricket/Statistics/WorldCup/MatchScorecard.asp?MatchCode=0111
0112,09/06/1979,1979,Canada,Pakistan,Pakistan,Pakistan won by 8 wickets,"Headingley, Leeds",http://howstat.com/cricket/Statistics/WorldCup/MatchScorecard.asp?MatchCode=0112
0113,13/06/1979,1979,West Indies,Sri Lanka,Sri Lanka,Match abandoned,"Kennington Oval, London",http://howstat.com/cricket/Statistics/WorldCup/MatchScorecard.asp?MatchCode=0113
0114,13/06/1979,1979,India,New Zealand,New Zealand,New Zealand won by 8 wickets,"Headingley, Leeds",http://howstat.com/cricket/Statistics/WorldCup/MatchScorecard.asp?MatchCode=0114
0115,13/06/1979,1979,Australia,Pakistan,Pakistan,Pakistan won by 89 runs,"Trent Bridge, Nottingham",http://howstat.com/cricket/Statistics/WorldCup/MatchScorecard.asp?MatchCode=0115
0116,13/06/1979,1979,England,Canada,England,England won by 8 wickets,"Old Trafford, Manchester",http://howstat.com/cricket/Statistics/WorldCup/MatchScorecard.asp?MatchCode=0116
0117,16/06/1979,1979,India,Sri Lanka,Sri Lanka,Sri Lanka won by 47 runs,"Old Trafford, Manchester",http://howstat.com/cricket/Statistics/WorldCup/MatchScorecard.asp?MatchCode=0117
0118,16/06/1979,1979,New Zealand,West Indies,West Indies,West Indies won by 32 runs,"Trent Bridge, Nottingham",http://howstat.com/cricket/Statistics/WorldCup/MatchScorecard.asp?MatchCode=0118
0119,16/06/1979,1979,Australia,Canada,Australia,Australia won by 7 wickets,"Edgbaston, Birmingham",http://howstat.com/cricket/Statistics/WorldCup/MatchScorecard.asp?MatchCode=0119
0120,16/06/1979,1979,England,Pakistan,England,England won by 14 runs,"Headingley, Leeds",http://howstat.com/cricket/Statistics/WorldCup/MatchScorecard.asp?MatchCode=0120
0121,20/06/1979,1979,England,New Zealand,England,England won by 9 runs,"Old Trafford, Manchester",http://howstat.com/cricket/Statistics/WorldCup/MatchScorecard.asp?MatchCode=0121
0122,20/06/1979,1979,Pakistan,West Indies,West Indies,West Indies won by 43 runs,"Kennington Oval, London",http://howstat.com/cricket/Statistics/WorldCup/MatchScorecard.asp?MatchCode=0122
0123,23/06/1979,1979,England,West Indies,West Indies,West Indies won by 92 runs,"Lord's, London",http://howstat.com/cricket/Statistics/WorldCup/MatchScorecard.asp?MatchCode=0123
0251,09/06/1983,1983,England,New Zealand,England,England won by 106 runs,"Kennington Oval, London",http://howstat.com/cricket/Statistics/WorldCup/MatchScorecard.asp?MatchCode=0251
0252,09/06/1983,1983,Pakistan,Sri Lanka,Pakistan,Pakistan won by 50 runs,"St Helen's, Swansea",http://howstat.com/cricket/Statistics/WorldCup/MatchScorecard.asp?MatchCode=0252
0253,09/06/1983,1983,Australia,Zimbabwe,Zimbabwe,Zimbabwe won by 13 runs,"Trent Bridge, Nottingham",http://howstat.com/cricket/Statistics/WorldCup/MatchScorecard.asp?MatchCode=0253
0254,09/06/1983,1983,India,West Indies,India,India won by 34 runs,"Old Trafford, Manchester",http://howstat.com/cricket/Statistics/WorldCup/MatchScorecard.asp?MatchCode=0254
0255,11/06/1983,1983,England,Sri Lanka,England,England won by 47 runs,"The Cooper Associates County Ground, Taunton",http://howstat.com/cricket/Statistics/WorldCup/MatchScorecard.asp?MatchCode=0255
0256,11/06/1983,1983,New Zealand,Pakistan,New Zealand,New Zealand won by 52 runs,"Edgbaston, Birmingham",http://howstat.com/cricket/Statistics/WorldCup/MatchScorecard.asp?MatchCode=0256
0257,11/06/1983,1983,Australia,West Indies,West Indies,West Indies won by 101 runs,"Headingley, Leeds",http://howstat.com/cricket/Statistics/WorldCup/MatchScorecard.asp?MatchCode=0257
0258,11/06/1983,1983,India,Zimbabwe,India,India won by 5 wickets,"Grace Road, Leicester",http://howstat.com/cricket/Statistics/WorldCup/MatchScorecard.asp?MatchCode=0258
0259,13/06/1983,1983,England,Pakistan,England,England won by 8 wickets,"Lord's, London",http://howstat.com/cricket/Statistics/WorldCup/MatchScorecard.asp?MatchCode=0259
0260,13/06/1983,1983,New Zealand,Sri Lanka,New Zealand,New Zealand won by 5 wickets,"County Ground, Bristol",http://howstat.com/cricket/Statistics/WorldCup/MatchScorecard.asp?MatchCode=0260
0261,13/06/1983,1983,Australia,India,Australia,Australia won by 162 runs,"Trent Bridge, Nottingham",http://howstat.com/cricket/Statistics/WorldCup/MatchScorecard.asp?MatchCode=0261
0262,13/06/1983,1983,West Indies,Zimbabwe,West Indies,West Indies won by 8 wickets,"New Road, Worcester",http://howstat.com/cricket/Statistics/WorldCup/MatchScorecard.asp?MatchCode=0262
0263,15/06/1983,1983,England,New Zealand,New Zealand,New Zealand won by 2 wickets,"Edgbaston, Birmingham",http://howstat.com/cricket/Statistics/WorldCup/MatchScorecard.asp?MatchCode=0263
0264,15/06/1983,1983,India,West Indies,West Indies,West Indies won by 66 runs,"Kennington Oval, London",http://howstat.com/cricket/Statistics/WorldCup/MatchScorecard.asp?MatchCode=0264
0265,16/06/1983,1983,Pakistan,Sri Lanka,Pakistan,Pakistan won by 11 runs,"Headingley, Leeds",http://howstat.com/cricket/Statistics/WorldCup/MatchScorecard.asp?MatchCode=0265
0266,16/06/1983,1983,Australia,Zimbabwe,Australia,Australia won by 32 runs,"County Ground, Southampton",http://howstat.com/cricket/Statistics/WorldCup/MatchScorecard.asp?MatchCode=0266
0267,18/06/1983,1983,England,Pakistan,England,England won by 7 wickets,"Old Trafford, Manchester",http://howstat.com/cricket/Statistics/WorldCup/MatchScorecard.asp?MatchCode=0267
0268,18/06/1983,1983,New Zealand,Sri Lanka,Sri Lanka,Sri Lanka won by 3 wickets,"County Ground, Derby",http://howstat.com/cricket/Statistics/WorldCup/MatchScorecard.asp?MatchCode=0268
0269,18/06/1983,1983,Australia,West Indies,West Indies,West Indies won by 7 wickets,"Lord's, London",http://howstat.com/cricket/Statistics/WorldCup/MatchScorecard.asp?MatchCode=0269
0270,18/06/1983,1983,India,Zimbabwe,India,India won by 31 runs,"Nevill Ground, Tunbridge Wells",http://howstat.com/cricket/Statistics/WorldCup/MatchScorecard.asp?MatchCode=0270
0271,20/06/1983,1983,England,Sri Lanka,England,England won by 9 wickets,"Headingley, Leeds",http://howstat.com/cricket/Statistics/WorldCup/MatchScorecard.asp?MatchCode=0271
0272,20/06/1983,1983,New Zealand,Pakistan,Pakistan,Pakistan won by 11 runs,"Trent Bridge, Nottingham",http://howstat.com/cricket/Statistics/WorldCup/MatchScorecard.asp?MatchCode=0272
0273,20/06/1983,1983,Australia,India,India,India won by 118 runs,"County Ground, Chelmsford",http://howstat.com/cricket/Statistics/WorldCup/MatchScorecard.asp?MatchCode=0273
0274,20/06/1983,1983,West Indies,Zimbabwe,West Indies,West Indies won by 10 wickets,"Edgbaston, Birmingham",http://howstat.com/cricket/Statistics/WorldCup/MatchScorecard.asp?MatchCode=0274
0275,22/06/1983,1983,England,India,India,India won by 6 wickets,"Old Trafford, Manchester",http://howstat.com/cricket/Statistics/WorldCup/MatchScorecard.asp?MatchCode=0275
0276,22/06/1983,1983,Pakistan,West Indies,West Indies,West Indies won by 8 wickets,"Kennington Oval, London",http://howstat.com/cricket/Statistics/WorldCup/MatchScorecard.asp?MatchCode=0276
0277,25/06/1983,1983,India,West Indies,India,India won by 43 runs,"Lord's, London",http://howstat.com/cricket/Statistics/WorldCup/MatchScorecard.asp?MatchCode=0277
0509,08/10/1987,1987,Pakistan,Sri Lanka,Pakistan,Pakistan won by 15 runs,"Niaz Stadium, Hyderabad (Sind)",http://howstat.com/cricket/Statistics/WorldCup/MatchScorecard.asp?MatchCode=0509
0510,09/10/1987,1987,England,West Indies,England,England won by 2 wickets,"Jinnah Stadium, Gujwranwala",http://howstat.com/cricket/Statistics/WorldCup/MatchScorecard.asp?MatchCode=0510
0511,09/10/1987,1987,India,Australia,Australia,Australia won by 1 run,"MA Chidambaram Stadium, Chennai",http://howstat.com/cricket/Statistics/WorldCup/MatchScorecard.asp?MatchCode=0511
0512,10/10/1987,1987,New Zealand,Zimbabwe,New Zealand,New Zealand won by 3 runs,"Lal Bahadur Shastri Stadium, Hyderabad (Deccan)",http://howstat.com/cricket/Statistics/WorldCup/MatchScorecard.asp?MatchCode=0512
0513,12/10/1987,1987,Pakistan,England,Pakistan,Pakistan won by 18 runs,"Pindi Club Ground, Rawalpindi",http://howstat.com/cricket/Statistics/WorldCup/MatchScorecard.asp?MatchCode=0513
0514,13/10/1987,1987,Australia,Zimbabwe,Australia,Australia won by 96 runs,"MA Chidambaram Stadium, Chennai",http://howstat.com/cricket/Statistics/WorldCup/MatchScorecard.asp?MatchCode=0514
0515,13/10/1987,1987,Sri Lanka,West Indies,West Indies,West Indies won by 191 runs,"National Stadium, Karachi",http://howstat.com/cricket/Statistics/WorldCup/MatchScorecard.asp?MatchCode=0515
0516,14/10/1987,1987,India,New Zealand,India,India won by 16 runs,"M Chinnaswamy Stadium, Bengaluru, Bangalore",http://howstat.com/cricket/Statistics/WorldCup/MatchScorecard.asp?MatchCode=0516
0517,16/10/1987,1987,Pakistan,West Indies,Pakistan,Pakistan won by 1 wicket,"Gaddafi Stadium, Lahore",http://howstat.com/cricket/Statistics/WorldCup/MatchScorecard.asp?MatchCode=0517
0518,17/10/1987,1987,England,Sri Lanka,England,England won by 109 runs,"Arbab Niaz Stadium, Peshawar",http://howstat.com/cricket/Statistics/WorldCup/MatchScorecard.asp?MatchCode=0518
0519,17/10/1987,1987,India,Zimbabwe,India,India won by 8 wickets,"Wankhede Stadium, Mumbai",http://howstat.com/cricket/Statistics/WorldCup/MatchScorecard.asp?MatchCode=0519
0520,18/10/1987,1987,Australia,New Zealand,Australia,Australia won by 3 runs,"Nehru Stadium, Indore",http://howstat.com/cricket/Statistics/WorldCup/MatchScorecard.asp?MatchCode=0520
0521,20/10/1987,1987,Pakistan,England,Pakistan,Pakistan won by 7 wickets,"National Stadium, Karachi",http://howstat.com/cricket/Statistics/WorldCup/MatchScorecard.asp?MatchCode=0521
0522,21/10/1987,1987,Sri Lanka,West Indies,West Indies,West Indies won by 25 runs,"Green Park, Kanpur",http://howstat.com/cricket/Statistics/WorldCup/MatchScorecard.asp?MatchCode=0522
0523,22/10/1987,1987,India,Australia,India,India won by 56 runs,"Feroz Shah Kotla, Delhi",http://howstat.com/cricket/Statistics/WorldCup/MatchScorecard.asp?MatchCode=0523
0524,23/10/1987,1987,New Zealand,Zimbabwe,New Zealand,New Zealand won by 4 wickets,"Eden Gardens, Kolkata",http://howstat.com/cricket/Statistics/WorldCup/MatchScorecard.asp?MatchCode=0524
0525,25/10/1987,1987,Pakistan,Sri Lanka,Pakistan,Pakistan won by 113 runs,"Iqbal Stadium, Faisalabad (Lyallpur)",http://howstat.com/cricket/Statistics/WorldCup/MatchScorecard.asp?MatchCode=0525
0526,26/10/1987,1987,England,West Indies,England,England won by 34 runs,"Sawai Mansingh Stadium, Jaipur",http://howstat.com/cricket/Statistics/WorldCup/MatchScorecard.asp?MatchCode=0526
0527,26/10/1987,1987,India,Zimbabwe,India,India won by 7 wickets,"Sardar Patel Stadium, Ahmedabad",http://howstat.com/cricket/Statistics/WorldCup/MatchScorecard.asp?MatchCode=0527
0528,27/10/1987,1987,Australia,New Zealand,Australia,Australia won by 17 runs,"Sector 16 Stadium, Chandigarh",http://howstat.com/cricket/Statistics/WorldCup/MatchScorecard.asp?MatchCode=0528
0529,30/10/1987,1987,Australia,Zimbabwe,Australia,Australia won by 70 runs,"Barabati Stadium, Cuttack",http://howstat.com/cricket/Statistics/WorldCup/MatchScorecard.asp?MatchCode=0529
0530,30/10/1987,1987,England,Sri Lanka,England,England won by 8 wickets,"Nehru Stadium, Pune",http://howstat.com/cricket/Statistics/WorldCup/MatchScorecard.asp?MatchCode=0530
0531,30/10/1987,1987,Pakistan,West Indies,West Indies,West Indies won by 28 runs,"National Stadium, Karachi",http://howstat.com/cricket/Statistics/WorldCup/MatchScorecard.asp?MatchCode=0531
0495,31/10/1987,1987,India,New Zealand,India,India won by 9 wickets,"Vidarbha Cricket Association Ground, Nagpur",http://howstat.com/cricket/Statistics/WorldCup/MatchScorecard.asp?MatchCode=0495
0533,04/11/1987,1987,Pakistan,Australia,Australia,Australia won by 18 runs,"Gaddafi Stadium, Lahore",http://howstat.com/cricket/Statistics/WorldCup/MatchScorecard.asp?MatchCode=0533
0534,05/11/1987,1987,India,England,England,England won by 35 runs,"Wankhede Stadium, Mumbai",http://howstat.com/cricket/Statistics/WorldCup/MatchScorecard.asp?MatchCode=0534
0535,08/11/1987,1987,Australia,England,Australia,Australia won by 7 runs,"Eden Gardens, Kolkata",http://howstat.com/cricket/Statistics/WorldCup/MatchScorecard.asp?MatchCode=0535
0775,22/02/1992,1992,New Zealand,Australia,New Zealand,New Zealand won by 37 runs,"Eden Park, Auckland",http://howstat.com/cricket/Statistics/WorldCup/MatchScorecard.asp?MatchCode=0775
0776,22/02/1992,1992,England,India,England,England won by 9 runs,"WACA Ground, Perth",http://howstat.com/cricket/Statistics/WorldCup/MatchScorecard.asp?MatchCode=0776
0777,23/02/1992,1992,Sri Lanka,Zimbabwe,Sri Lanka,Sri Lanka won by 3 wickets,"Pukekura Park, New Plymouth",http://howstat.com/cricket/Statistics/WorldCup/MatchScorecard.asp?MatchCode=0777
0778,23/02/1992,1992,Pakistan,West Indies,West Indies,West Indies won by 10 wickets,"Melbourne Cricket Ground, Melbourne",http://howstat.com/cricket/Statistics/WorldCup/MatchScorecard.asp?MatchCode=0778
0779,25/02/1992,1992,New Zealand,Sri Lanka,New Zealand,New Zealand won by 6 wickets,"Seddon Park, Hamilton",http://howstat.com/cricket/Statistics/WorldCup/MatchScorecard.asp?MatchCode=0779
0780,26/02/1992,1992,Australia,South Africa,South Africa,South Africa won by 9 wickets,"Sydney Cricket Ground, Sydney",http://howstat.com/cricket/Statistics/WorldCup/MatchScorecard.asp?MatchCode=0780
0781,27/02/1992,1992,Pakistan,Zimbabwe,Pakistan,Pakistan won by 53 runs,"Bellerive Oval, Hobart",http://howstat.com/cricket/Statistics/WorldCup/MatchScorecard.asp?MatchCode=0781
0782,27/02/1992,1992,England,West Indies,England,England won by 6 wickets,"Melbourne Cricket Ground, Melbourne",http://howstat.com/cricket/Statistics/WorldCup/MatchScorecard.asp?MatchCode=0782
0783,28/02/1992,1992,India,Sri Lanka,Sri Lanka,No result,"Harrup Park, Mackay",http://howstat.com/cricket/Statistics/WorldCup/MatchScorecard.asp?MatchCode=0783
0784,29/02/1992,1992,New Zealand,South Africa,New Zealand,New Zealand won by 7 wickets,"Eden Park, Auckland",http://howstat.com/cricket/Statistics/WorldCup/MatchScorecard.asp?MatchCode=0784
0785,29/02/1992,1992,West Indies,Zimbabwe,West Indies,West Indies won by 75 runs,"Brisbane Cricket Ground, Brisbane",http://howstat.com/cricket/Statistics/WorldCup/MatchScorecard.asp?MatchCode=0785
0786,01/03/1992,1992,Australia,India,Australia,Australia won by 1 run,"Brisbane Cricket Ground, Brisbane",http://howstat.com/cricket/Statistics/WorldCup/MatchScorecard.asp?MatchCode=0786
0787,01/03/1992,1992,England,Pakistan,Pakistan,No result,"Adelaide Oval, Adelaide",http://howstat.com/cricket/Statistics/WorldCup/MatchScorecard.asp?MatchCode=0787
0788,02/03/1992,1992,South Africa,Sri Lanka,Sri Lanka,Sri Lanka won by 3 wickets,"Basin Reserve, Wellington",http://howstat.com/cricket/Statistics/WorldCup/MatchScorecard.asp?MatchCode=0788
0789,03/03/1992,1992,New Zealand,Zimbabwe,New Zealand,New Zealand won by 48 runs,"McLean Park, Napier",http://howstat.com/cricket/Statistics/WorldCup/MatchScorecard.asp?MatchCode=0789
0790,04/03/1992,1992,India,Pakistan,India,India won by 43 runs,"Sydney Cricket Ground, Sydney",http://howstat.com/cricket/Statistics/WorldCup/MatchScorecard.asp?MatchCode=0790
0791,05/03/1992,1992,South Africa,West Indies,South Africa,South Africa won by 64 runs,"AMI Stadium, Christchurch",http://howstat.com/cricket/Statistics/WorldCup/MatchScorecard.asp?MatchCode=0791
0792,05/03/1992,1992,Australia,England,England,England won by 8 wickets,"Sydney Cricket Ground, Sydney",http://howstat.com/cricket/Statistics/WorldCup/MatchScorecard.asp?MatchCode=0792
0793,07/03/1992,1992,India,Zimbabwe,India,India won by 55 runs,"Seddon Park, Hamilton",http://howstat.com/cricket/Statistics/WorldCup/MatchScorecard.asp?MatchCode=0793
0794,07/03/1992,1992,Australia,Sri Lanka,Australia,Australia won by 7 wickets,"Adelaide Oval, Adelaide",http://howstat.com/cricket/Statistics/WorldCup/MatchScorecard.asp?MatchCode=0794
0795,08/03/1992,1992,New Zealand,West Indies,New Zealand,New Zealand won by 5 wickets,"Eden Park, Auckland",http://howstat.com/cricket/Statistics/WorldCup/MatchScorecard.asp?MatchCode=0795
0796,08/03/1992,1992,Pakistan,South Africa,South Africa,South Africa won by 20 runs,"Brisbane Cricket Ground, Brisbane",http://howstat.com/cricket/Statistics/WorldCup/MatchScorecard.asp?MatchCode=0796
0797,09/03/1992,1992,England,Sri Lanka,England,England won by 106 runs,"Eastern Oval, Ballarat",http://howstat.com/cricket/Statistics/WorldCup/MatchScorecard.asp?MatchCode=0797
0798,10/03/1992,1992,India,West Indies,West Indies,West Indies won by 5 wickets,"Basin Reserve, Wellington",http://howstat.com/cricket/Statistics/WorldCup/MatchScorecard.asp?MatchCode=0798
0799,10/03/1992,1992,South Africa,Zimbabwe,South Africa,South Africa won by 7 wickets,"Manuka Oval, Canberra",http://howstat.com/cricket/Statistics/WorldCup/MatchScorecard.asp?MatchCode=0799
0800,11/03/1992,1992,Australia,Pakistan,Pakistan,Pakistan won by 48 runs,"WACA Ground, Perth",http://howstat.com/cricket/Statistics/WorldCup/MatchScorecard.asp?MatchCode=0800
0801,12/03/1992,1992,New Zealand,India,New Zealand,New Zealand won by 4 wickets,"Carisbrook, Dunedin",http://howstat.com/cricket/Statistics/WorldCup/MatchScorecard.asp?MatchCode=0801
0802,12/03/1992,1992,England,South Africa,England,England won by 3 wickets,"Melbourne Cricket Ground, Melbourne",http://howstat.com/cricket/Statistics/WorldCup/MatchScorecard.asp?MatchCode=0802
0803,13/03/1992,1992,Sri Lanka,West Indies,West Indies,West Indies won by 91 runs,"Berri Oval, Berri",http://howstat.com/cricket/Statistics/WorldCup/MatchScorecard.asp?MatchCode=0803
0804,14/03/1992,1992,Australia,Zimbabwe,Australia,Australia won by 128 runs,"Bellerive Oval, Hobart",http://howstat.com/cricket/Statistics/WorldCup/MatchScorecard.asp?MatchCode=0804
0805,15/03/1992,1992,New Zealand,England,New Zealand,New Zealand won by 7 wickets,"Basin Reserve, Wellington",http://howstat.com/cricket/Statistics/WorldCup/MatchScorecard.asp?MatchCode=0805
0806,15/03/1992,1992,India,South Africa,South Africa,South Africa won by 6 wickets,"Adelaide Oval, Adelaide",http://howstat.com/cricket/Statistics/WorldCup/MatchScorecard.asp?MatchCode=0806
0807,15/03/1992,1992,Pakistan,Sri Lanka,Pakistan,Pakistan won by 4 wickets,"WACA Ground, Perth",http://howstat.com/cricket/Statistics/WorldCup/MatchScorecard.asp?MatchCode=0807
0808,18/03/1992,1992,New Zealand,Pakistan,Pakistan,Pakistan won by 7 wickets,"AMI Stadium, Christchurch",http://howstat.com/cricket/Statistics/WorldCup/MatchScorecard.asp?MatchCode=0808
0809,18/03/1992,1992,England,Zimbabwe,Zimbabwe,Zimbabwe won by 9 runs,"Lavington Sports Oval, Albury",http://howstat.com/cricket/Statistics/WorldCup/MatchScorecard.asp?MatchCode=0809
0810,18/03/1992,1992,Australia,West Indies,Australia,Australia won by 57 runs,"Melbourne Cricket Ground, Melbourne",http://howstat.com/cricket/Statistics/WorldCup/MatchScorecard.asp?MatchCode=0810
0811,21/03/1992,1992,New Zealand,Pakistan,Pakistan,Pakistan won by 4 wickets,"Eden Park, Auckland",http://howstat.com/cricket/Statistics/WorldCup/MatchScorecard.asp?MatchCode=0811
0812,22/03/1992,1992,England,South Africa,England,England won by 19 runs,"Sydney Cricket Ground, Sydney",http://howstat.com/cricket/Statistics/WorldCup/MatchScorecard.asp?MatchCode=0812
0813,25/03/1992,1992,England,Pakistan,Pakistan,Pakistan won by 22 runs,"Melbourne Cricket Ground, Melbourne",http://howstat.com/cricket/Statistics/WorldCup/MatchScorecard.asp?MatchCode=0813
1113,14/02/1996,1996,England,New Zealand,New Zealand,New Zealand won by 11 runs,"Sardar Patel Stadium, Ahmedabad",http://howstat.com/cricket/Statistics/WorldCup/MatchScorecard.asp?MatchCode=1113
1114,16/02/1996,1996,South Africa,United Arab Emirates,South Africa,South Africa won by 169 runs,"Rawalpindi Cricket Stadium, Rawalpindi",http://howstat.com/cricket/Statistics/WorldCup/MatchScorecard.asp?MatchCode=1114
1115,16/02/1996,1996,West Indies,Zimbabwe,West Indies,West Indies won by 6 wickets,"Lal Bahadur Shastri Stadium, Hyderabad (Deccan)",http://howstat.com/cricket/Statistics/WorldCup/MatchScorecard.asp?MatchCode=1115
1116,17/02/1996,1996,Sri Lanka,Australia,Sri Lanka,Sri Lanka won by default,"R Premadasa Stadium, Colombo",http://howstat.com/cricket/Statistics/WorldCup/MatchScorecard.asp?MatchCode=1116
1117,17/02/1996,1996,Netherlands,New Zealand,New Zealand,New Zealand won by 119 runs,"Reliance Stadium, Vadodara",http://howstat.com/cricket/Statistics/WorldCup/MatchScorecard.asp?MatchCode=1117
1118,18/02/1996,1996,India,Kenya,India,India won by 7 wickets,"Barabati Stadium, Cuttack",http://howstat.com/cricket/Statistics/WorldCup/MatchScorecard.asp?MatchCode=1118
1119,18/02/1996,1996,England,United Arab Emirates,England,England won by 8 wickets,"Arbab Niaz Stadium, Peshawar",http://howstat.com/cricket/Statistics/WorldCup/MatchScorecard.asp?MatchCode=1119
1120,20/02/1996,1996,New Zealand,South Africa,South Africa,South Africa won by 5 wickets,"Iqbal Stadium, Faisalabad (Lyallpur)",http://howstat.com/cricket/Statistics/WorldCup/MatchScorecard.asp?MatchCode=1120
1121,21/02/1996,1996,Sri Lanka,Zimbabwe,Sri Lanka,Sri Lanka won by 6 wickets,"Sinhalese Sports Club Ground, Colombo",http://howstat.com/cricket/Statistics/WorldCup/MatchScorecard.asp?MatchCode=1121
1122,21/02/1996,1996,India,West Indies,India,India won by 5 wickets,"Captain Roop Singh Stadium, Gwalior",http://howstat.com/cricket/Statistics/WorldCup/MatchScorecard.asp?MatchCode=1122
1123,22/02/1996,1996,England,Netherlands,England,England won by 49 runs,"Arbab Niaz Stadium, Peshawar",http://howstat.com/cricket/Statistics/WorldCup/MatchScorecard.asp?MatchCode=1123
1124,23/02/1996,1996,Australia,Kenya,Australia,Australia won by 97 runs,"Indira Priyadarshini Stadium, Visakhapatnam",http://howstat.com/cricket/Statistics/WorldCup/MatchScorecard.asp?MatchCode=1124
1125,24/02/1996,1996,Pakistan,United Arab Emirates,Pakistan,Pakistan won by 9 wickets,"Jinnah Stadium, Gujwranwala",http://howstat.com/cricket/Statistics/WorldCup/MatchScorecard.asp?MatchCode=1125
1126,25/02/1996,1996,Sri Lanka,West Indies,Sri Lanka,Sri Lanka won by default,"R Premadasa Stadium, Colombo",http://howstat.com/cricket/Statistics/WorldCup/MatchScorecard.asp?MatchCode=1126
1127,25/02/1996,1996,England,South Africa,South Africa,South Africa won by 78 runs,"Rawalpindi Cricket Stadium, Rawalpindi",http://howstat.com/cricket/Statistics/WorldCup/MatchScorecard.asp?MatchCode=1127
1128,26/02/1996,1996,Kenya,Zimbabwe,Zimbabwe,No result,"Moin-ul-Haq Stadium, Patna",http://howstat.com/cricket/Statistics/WorldCup/MatchScorecard.asp?MatchCode=1128
1129,26/02/1996,1996,Pakistan,Netherlands,Pakistan,Pakistan won by 8 wickets,"Gaddafi Stadium, Lahore",http://howstat.com/cricket/Statistics/WorldCup/MatchScorecard.asp?MatchCode=1129
1130,27/02/1996,1996,Kenya,Zimbabwe,Zimbabwe,Zimbabwe won by 5 wickets,"Moin-ul-Haq Stadium, Patna",http://howstat.com/cricket/Statistics/WorldCup/MatchScorecard.asp?MatchCode=1130
1131,27/02/1996,1996,New Zealand,United Arab Emirates,New Zealand,New Zealand won by 109 runs,"Iqbal Stadium, Faisalabad (Lyallpur)",http://howstat.com/cricket/Statistics/WorldCup/MatchScorecard.asp?MatchCode=1131
1132,27/02/1996,1996,India,Australia,Australia,Australia won by 16 runs,"Wankhede Stadium, Mumbai",http://howstat.com/cricket/Statistics/WorldCup/MatchScorecard.asp?MatchCode=1132
1133,29/02/1996,1996,Kenya,West Indies,Kenya,Kenya won by 73 runs,"Nehru Stadium, Pune",http://howstat.com/cricket/Statistics/WorldCup/MatchScorecard.asp?MatchCode=1133
1134,29/02/1996,1996,Pakistan,South Africa,South Africa,South Africa won by 5 wickets,"National Stadium, Karachi",http://howstat.com/cricket/Statistics/WorldCup/MatchScorecard.asp?MatchCode=1134
1135,01/03/1996,1996,Australia,Zimbabwe,Australia,Australia won by 8 wickets,"Vidarbha Cricket Association Ground, Nagpur",http://howstat.com/cricket/Statistics/WorldCup/MatchScorecard.asp?MatchCode=1135
1136,01/03/1996,1996,Netherlands,United Arab Emirates,United Arab Emirates,United Arab Emirates won by 7 wickets,"Gaddafi Stadium, Lahore",http://howstat.com/cricket/Statistics/WorldCup/MatchScorecard.asp?MatchCode=1136
1137,02/03/1996,1996,India,Sri Lanka,Sri Lanka,Sri Lanka won by 6 wickets,"Feroz Shah Kotla, Delhi",http://howstat.com/cricket/Statistics/WorldCup/MatchScorecard.asp?MatchCode=1137
1138,03/03/1996,1996,Pakistan,England,Pakistan,Pakistan won by 7 wickets,"National Stadium, Karachi",http://howstat.com/cricket/Statistics/WorldCup/MatchScorecard.asp?MatchCode=1138
1139,04/03/1996,1996,Australia,West Indies,West Indies,West Indies won by 4 wickets,"Sawai Mansingh Stadium, Jaipur",http://howstat.com/cricket/Statistics/WorldCup/MatchScorecard.asp?MatchCode=1139
1140,05/03/1996,1996,South Africa,Netherlands,South Africa,South Africa won by 160 runs,"Rawalpindi Cricket Stadium, Rawalpindi",http://howstat.com/cricket/Statistics/WorldCup/MatchScorecard.asp?MatchCode=1140
1141,06/03/1996,1996,Sri Lanka,Kenya,Sri Lanka,Sri Lanka won by 144 runs,"Asgiriya Stadium, Kandy",http://howstat.com/cricket/Statistics/WorldCup/MatchScorecard.asp?MatchCode=1141
1142,06/03/1996,1996,India,Zimbabwe,India,India won by 40 runs,"Green Park, Kanpur",http://howstat.com/cricket/Statistics/WorldCup/MatchScorecard.asp?MatchCode=1142
1143,06/03/1996,1996,Pakistan,New Zealand,Pakistan,Pakistan won by 46 runs,"Gaddafi Stadium, Lahore",http://howstat.com/cricket/Statistics/WorldCup/MatchScorecard.asp?MatchCode=1143
1144,09/03/1996,1996,England,Sri Lanka,Sri Lanka,Sri Lanka won by 5 wickets,"Iqbal Stadium, Faisalabad (Lyallpur)",http://howstat.com/cricket/Statistics/WorldCup/MatchScorecard.asp?MatchCode=1144
1145,09/03/1996,1996,India,Pakistan,India,India won by 39 runs,"M Chinnaswamy Stadium, Bengaluru, Bangalore",http://howstat.com/cricket/Statistics/WorldCup/MatchScorecard.asp?MatchCode=1145
0061,11/03/1996,1996,Australia,New Zealand,Australia,Australia won by 6 wickets,"MA Chidambaram Stadium, Chennai",http://howstat.com/cricket/Statistics/WorldCup/MatchScorecard.asp?MatchCode=0061
1146,11/03/1996,1996,South Africa,West Indies,West Indies,West Indies won by 19 runs,"National Stadium, Karachi",http://howstat.com/cricket/Statistics/WorldCup/MatchScorecard.asp?MatchCode=1146
1147,13/03/1996,1996,India,Sri Lanka,Sri Lanka,Sri Lanka won by default,"Eden Gardens, Kolkata",http://howstat.com/cricket/Statistics/WorldCup/MatchScorecard.asp?MatchCode=1147
1148,14/03/1996,1996,Australia,West Indies,Australia,Australia won by 5 runs,"Punjab Cricket Association IS Bindra Stadium, Mohali, Chandigarh",http://howstat.com/cricket/Statistics/WorldCup/MatchScorecard.asp?MatchCode=1148
1149,17/03/1996,1996,Australia,Sri Lanka,Sri Lanka,Sri Lanka won by 7 wickets,"Gaddafi Stadium, Lahore",http://howstat.com/cricket/Statistics/WorldCup/MatchScorecard.asp?MatchCode=1149
1526,14/05/1999,1999,England,Sri Lanka,England,England won by 8 wickets,"Lord's, London",http://howstat.com/cricket/Statistics/WorldCup/MatchScorecard.asp?MatchCode=1526
1527,15/05/1999,1999,India,South Africa,South Africa,South Africa won by 4 wickets,"County Ground, Hove",http://howstat.com/cricket/Statistics/WorldCup/MatchScorecard.asp?MatchCode=1527
1528,15/05/1999,1999,Kenya,Zimbabwe,Zimbabwe,Zimbabwe won by 5 wickets,"The Cooper Associates County Ground, Taunton",http://howstat.com/cricket/Statistics/WorldCup/MatchScorecard.asp?MatchCode=1528
1529,16/05/1999,1999,Australia,Scotland,Australia,Australia won by 6 wickets,"New Road, Worcester",http://howstat.com/cricket/Statistics/WorldCup/MatchScorecard.asp?MatchCode=1529
1530,16/05/1999,1999,Pakistan,West Indies,Pakistan,Pakistan won by 27 runs,"County Ground, Bristol",http://howstat.com/cricket/Statistics/WorldCup/MatchScorecard.asp?MatchCode=1530
1531,17/05/1999,1999,Bangladesh,New Zealand,New Zealand,New Zealand won by 6 wickets,"County Ground, Chelmsford",http://howstat.com/cricket/Statistics/WorldCup/MatchScorecard.asp?MatchCode=1531
1532,18/05/1999,1999,England,Kenya,England,England won by 9 wickets,"St Lawrence Ground, Canterbury",http://howstat.com/cricket/Statistics/WorldCup/MatchScorecard.asp?MatchCode=1532
1533,19/05/1999,1999,India,Zimbabwe,Zimbabwe,Zimbabwe won by 3 runs,"Grace Road, Leicester",http://howstat.com/cricket/Statistics/WorldCup/MatchScorecard.asp?MatchCode=1533
1534,19/05/1999,1999,South Africa,Sri Lanka,South Africa,South Africa won by 89 runs,"County Ground, Northampton",http://howstat.com/cricket/Statistics/WorldCup/MatchScorecard.asp?MatchCode=1534
1535,20/05/1999,1999,Australia,New Zealand,New Zealand,New Zealand won by 5 wickets,"Sophia Gardens, Cardiff",http://howstat.com/cricket/Statistics/WorldCup/MatchScorecard.asp?MatchCode=1535
1536,20/05/1999,1999,Pakistan,Scotland,Pakistan,Pakistan won by 94 runs,"Riverside Ground, Chester-Le-Street",http://howstat.com/cricket/Statistics/WorldCup/MatchScorecard.asp?MatchCode=1536
1537,21/05/1999,1999,Bangladesh,West Indies,West Indies,West Indies won by 7 wickets,"Castle Avenue, Dublin",http://howstat.com/cricket/Statistics/WorldCup/MatchScorecard.asp?MatchCode=1537
1538,22/05/1999,1999,England,South Africa,South Africa,South Africa won by 122 runs,"Kennington Oval, London",http://howstat.com/cricket/Statistics/WorldCup/MatchScorecard.asp?MatchCode=1538
1539,22/05/1999,1999,Sri Lanka,Zimbabwe,Sri Lanka,Sri Lanka won by 4 wickets,"New Road, Worcester",http://howstat.com/cricket/Statistics/WorldCup/MatchScorecard.asp?MatchCode=1539
1540,23/05/1999,1999,India,Kenya,India,India won by 94 runs,"County Ground, Bristol",http://howstat.com/cricket/Statistics/WorldCup/MatchScorecard.asp?MatchCode=1540
1541,23/05/1999,1999,Australia,Pakistan,Pakistan,Pakistan won by 10 runs,"Headingley, Leeds",http://howstat.com/cricket/Statistics/WorldCup/MatchScorecard.asp?MatchCode=1541
1542,24/05/1999,1999,Scotland,Bangladesh,Bangladesh,Bangladesh won by 22 runs,"Grange Cricket Club, Edinburgh",http://howstat.com/cricket/Statistics/WorldCup/MatchScorecard.asp?MatchCode=1542
1543,24/05/1999,1999,New Zealand,West Indies,West Indies,West Indies won by 7 wickets,"County Ground, Southampton",http://howstat.com/cricket/Statistics/WorldCup/MatchScorecard.asp?MatchCode=1543
1544,25/05/1999,1999,England,Zimbabwe,England,England won by 7 wickets,"Trent Bridge, Nottingham",http://howstat.com/cricket/Statistics/WorldCup/MatchScorecard.asp?MatchCode=1544
0034,26/05/1999,1999,Kenya,South Africa,South Africa,South Africa won by 7 wickets,"VRA Ground, Amstelveen",http://howstat.com/cricket/Statistics/WorldCup/MatchScorecard.asp?MatchCode=0034
1546,26/05/1999,1999,India,Sri Lanka,India,India won by 157 runs,"The Cooper Associates County Ground, Taunton",http://howstat.com/cricket/Statistics/WorldCup/MatchScorecard.asp?MatchCode=1546
1547,27/05/1999,1999,Australia,Bangladesh,Australia,Australia won by 7 wickets,"Riverside Ground, Chester-Le-Street",http://howstat.com/cricket/Statistics/WorldCup/MatchScorecard.asp?MatchCode=1547
1548,27/05/1999,1999,Scotland,West Indies,West Indies,West Indies won by 8 wickets,"Grace Road, Leicester",http://howstat.com/cricket/Statistics/WorldCup/MatchScorecard.asp?MatchCode=1548
1549,28/05/1999,1999,New Zealand,Pakistan,Pakistan,Pakistan won by 62 runs,"County Ground, Derby",http://howstat.com/cricket/Statistics/WorldCup/MatchScorecard.asp?MatchCode=1549
1550,29/05/1999,1999,England,India,India,India won by 63 runs,"Edgbaston, Birmingham",http://howstat.com/cricket/Statistics/WorldCup/MatchScorecard.asp?MatchCode=1550
1551,29/05/1999,1999,South Africa,Zimbabwe,Zimbabwe,Zimbabwe won by 48 runs,"County Ground, Chelmsford",http://howstat.com/cricket/Statistics/WorldCup/MatchScorecard.asp?MatchCode=1551
1552,30/05/1999,1999,Kenya,Sri Lanka,Sri Lanka,Sri Lanka won by 45 runs,"County Ground, Southampton",http://howstat.com/cricket/Statistics/WorldCup/MatchScorecard.asp?MatchCode=1552
1553,30/05/1999,1999,Australia,West Indies,Australia,Australia won by 6 wickets,"Old Trafford, Manchester",http://howstat.com/cricket/Statistics/WorldCup/MatchScorecard.asp?MatchCode=1553
1554,31/05/1999,1999,Bangladesh,Pakistan,Bangladesh,Bangladesh won by 62 runs,"County Ground, Northampton",http://howstat.com/cricket/Statistics/WorldCup/MatchScorecard.asp?MatchCode=1554
1555,31/05/1999,1999,Scotland,New Zealand,New Zealand,New Zealand won by 6 wickets,"Grange Cricket Club, Edinburgh",http://howstat.com/cricket/Statistics/WorldCup/MatchScorecard.asp?MatchCode=1555
1556,04/06/1999,1999,Australia,India,Australia,Australia won by 77 runs,"Kennington Oval, London",http://howstat.com/cricket/Statistics/WorldCup/MatchScorecard.asp?MatchCode=1556
1557,05/06/1999,1999,Pakistan,South Africa,South Africa,South Africa won by 3 wickets,"Trent Bridge, Nottingham",http://howstat.com/cricket/Statistics/WorldCup/MatchScorecard.asp?MatchCode=1557
1558,06/06/1999,1999,New Zealand,Zimbabwe,Zimbabwe,No result,"Headingley, Leeds",http://howstat.com/cricket/Statistics/WorldCup/MatchScorecard.asp?MatchCode=1558
1559,08/06/1999,1999,India,Pakistan,India,India won by 47 runs,"Old Trafford, Manchester",http://howstat.com/cricket/Statistics/WorldCup/MatchScorecard.asp?MatchCode=1559
1560,09/06/1999,1999,Australia,Zimbabwe,Australia,Australia won by 44 runs,"Lord's, London",http://howstat.com/cricket/Statistics/WorldCup/MatchScorecard.asp?MatchCode=1560
1561,10/06/1999,1999,New Zealand,South Africa,South Africa,South Africa won by 74 runs,"Edgbaston, Birmingham",http://howstat.com/cricket/Statistics/WorldCup/MatchScorecard.asp?MatchCode=1561
1562,11/06/1999,1999,Pakistan,Zimbabwe,Pakistan,Pakistan won by 148 runs,"Kennington Oval, London",http://howstat.com/cricket/Statistics/WorldCup/MatchScorecard.asp?MatchCode=1562
1563,12/06/1999,1999,India,New Zealand,New Zealand,New Zealand won by 5 wickets,"Trent Bridge, Nottingham",http://howstat.com/cricket/Statistics/WorldCup/MatchScorecard.asp?MatchCode=1563
1564,13/06/1999,1999,Australia,South Africa,Australia,Australia won by 5 wickets,"Headingley, Leeds",http://howstat.com/cricket/Statistics/WorldCup/MatchScorecard.asp?MatchCode=1564
1565,16/06/1999,1999,New Zealand,Pakistan,Pakistan,Pakistan won by 9 wickets,"Old Trafford, Manchester",http://howstat.com/cricket/Statistics/WorldCup/MatchScorecard.asp?MatchCode=1565
1566,17/06/1999,1999,Australia,South Africa,South Africa,Match tied,"Edgbaston, Birmingham",http://howstat.com/cricket/Statistics/WorldCup/MatchScorecard.asp?MatchCode=1566
1567,20/06/1999,1999,Australia,Pakistan,Australia,Australia won by 8 wickets,"Lord's, London",http://howstat.com/cricket/Statistics/WorldCup/MatchScorecard.asp?MatchCode=1567
2028,09/02/2003,2003,South Africa,West Indies,West Indies,West Indies won by 3 runs,"Newlands, Cape Town",http://howstat.com/cricket/Statistics/WorldCup/MatchScorecard.asp?MatchCode=2028
2029,10/02/2003,2003,New Zealand,Sri Lanka,Sri Lanka,Sri Lanka won by 47 runs,"Mangaung Oval, Bloemfontein",http://howstat.com/cricket/Statistics/WorldCup/MatchScorecard.asp?MatchCode=2029
2030,10/02/2003,2003,Zimbabwe,Namibia,Zimbabwe,Zimbabwe won by 86 runs,"Harare Sports Club, Harare",http://howstat.com/cricket/Statistics/WorldCup/MatchScorecard.asp?MatchCode=2030
2031,11/02/2003,2003,Australia,Pakistan,Australia,Australia won by 82 runs,"Wanderers Stadium, Johannesburg",http://howstat.com/cricket/Statistics/WorldCup/MatchScorecard.asp?MatchCode=2031
2032,11/02/2003,2003,Bangladesh,Canada,Canada,Canada won by 60 runs,"Kingsmead, Durban",http://howstat.com/cricket/Statistics/WorldCup/MatchScorecard.asp?MatchCode=2032
2033,12/02/2003,2003,South Africa,Kenya,South Africa,South Africa won by 10 wickets,"Senwes Park, Potchefstroom",http://howstat.com/cricket/Statistics/WorldCup/MatchScorecard.asp?MatchCode=2033
2034,12/02/2003,2003,India,Netherlands,India,India won by 68 runs,"Boland Park, Paarl",http://howstat.com/cricket/Statistics/WorldCup/MatchScorecard.asp?MatchCode=2034
2035,13/02/2003,2003,West Indies,New Zealand,New Zealand,New Zealand won by 20 runs,"St George's Park, Port Elizabeth",http://howstat.com/cricket/Statistics/WorldCup/MatchScorecard.asp?MatchCode=2035
2036,13/02/2003,2003,Zimbabwe,England,Zimbabwe,Zimbabwe won by default,"Harare Sports Club, Harare",http://howstat.com/cricket/Statistics/WorldCup/MatchScorecard.asp?MatchCode=2036
2037,14/02/2003,2003,Sri Lanka,Bangladesh,Sri Lanka,Sri Lanka won by 10 wickets,"City Oval, Pietermaritzburg",http://howstat.com/cricket/Statistics/WorldCup/MatchScorecard.asp?MatchCode=2037
2038,15/02/2003,2003,Kenya,Canada,Kenya,Kenya won by 4 wickets,"Newlands, Cape Town",http://howstat.com/cricket/Statistics/WorldCup/MatchScorecard.asp?MatchCode=2038
2039,15/02/2003,2003,Australia,India,Australia,Australia won by 9 wickets,"SuperSport Park, Centurion",http://howstat.com/cricket/Statistics/WorldCup/MatchScorecard.asp?MatchCode=2039
2040,16/02/2003,2003,South Africa,New Zealand,New Zealand,New Zealand won by 9 wickets,"Wanderers Stadium, Johannesburg",http://howstat.com/cricket/Statistics/WorldCup/MatchScorecard.asp?MatchCode=2040
2041,16/02/2003,2003,England,Netherlands,England,England won by 6 wickets,"Buffalo Park, East London",http://howstat.com/cricket/Statistics/WorldCup/MatchScorecard.asp?MatchCode=2041
2042,16/02/2003,2003,Pakistan,Namibia,Pakistan,Pakistan won by 171 runs,"Diamond Oval, Kimberley",http://howstat.com/cricket/Statistics/WorldCup/MatchScorecard.asp?MatchCode=2042
2043,18/02/2003,2003,West Indies,Bangladesh,Bangladesh,No result,"Willowmoore Park, Benoni",http://howstat.com/cricket/Statistics/WorldCup/MatchScorecard.asp?MatchCode=2043
2044,19/02/2003,2003,England,Namibia,England,England won by 55 runs,"St George's Park, Port Elizabeth",http://howstat.com/cricket/Statistics/WorldCup/MatchScorecard.asp?MatchCode=2044
2045,19/02/2003,2003,Sri Lanka,Canada,Sri Lanka,Sri Lanka won by 9 wickets,"Boland Park, Paarl",http://howstat.com/cricket/Statistics/WorldCup/MatchScorecard.asp?MatchCode=2045
2046,19/02/2003,2003,Zimbabwe,India,India,India won by 83 runs,"Harare Sports Club, Harare",http://howstat.com/cricket/Statistics/WorldCup/MatchScorecard.asp?MatchCode=2046
2047,20/02/2003,2003,Australia,Netherlands,Australia,Australia won by 75 runs,"Senwes Park, Potchefstroom",http://howstat.com/cricket/Statistics/WorldCup/MatchScorecard.asp?MatchCode=2047
2048,21/02/2003,2003,New Zealand,Kenya,Kenya,Kenya won by default,"Gymkhana Club Ground, Nairobi",http://howstat.com/cricket/Statistics/WorldCup/MatchScorecard.asp?MatchCode=2048
2049,22/02/2003,2003,England,Pakistan,England,England won by 112 runs,"Newlands, Cape Town",http://howstat.com/cricket/Statistics/WorldCup/MatchScorecard.asp?MatchCode=2049
2050,22/02/2003,2003,South Africa,Bangladesh,South Africa,South Africa won by 10 wickets,"Mangaung Oval, Bloemfontein",http://howstat.com/cricket/Statistics/WorldCup/MatchScorecard.asp?MatchCode=2050
2051,23/02/2003,2003,West Indies,Canada,West Indies,West Indies won by 7 wickets,"SuperSport Park, Centurion",http://howstat.com/cricket/Statistics/WorldCup/MatchScorecard.asp?MatchCode=2051
2052,23/02/2003,2003,India,Namibia,India,India won by 181 runs,"City Oval, Pietermaritzburg",http://howstat.com/cricket/Statistics/WorldCup/MatchScorecard.asp?MatchCode=2052
2053,24/02/2003,2003,Zimbabwe,Australia,Australia,Australia won by 7 wickets,"Queens Sports Club, Bulawayo",http://howstat.com/cricket/Statistics/WorldCup/MatchScorecard.asp?MatchCode=2053
2054,24/02/2003,2003,Sri Lanka,Kenya,Kenya,Kenya won by 53 runs,"Gymkhana Club Ground, Nairobi",http://howstat.com/cricket/Statistics/WorldCup/MatchScorecard.asp?MatchCode=2054
2055,25/02/2003,2003,Pakistan,Netherlands,Pakistan,Pakistan won by 97 runs,"Boland Park, Paarl",http://howstat.com/cricket/Statistics/WorldCup/MatchScorecard.asp?MatchCode=2055
2056,26/02/2003,2003,England,India,India,India won by 82 runs,"Kingsmead, Durban",http://howstat.com/cricket/Statistics/WorldCup/MatchScorecard.asp?MatchCode=2056
2057,26/02/2003,2003,New Zealand,Bangladesh,New Zealand,New Zealand won by 7 wickets,"Diamond Oval, Kimberley",http://howstat.com/cricket/Statistics/WorldCup/MatchScorecard.asp?MatchCode=2057
2058,27/02/2003,2003,South Africa,Canada,South Africa,South Africa won by 118 runs,"Buffalo Park, East London",http://howstat.com/cricket/Statistics/WorldCup/MatchScorecard.asp?MatchCode=2058
2059,27/02/2003,2003,Australia,Namibia,Australia,Australia won by 256 runs,"Senwes Park, Potchefstroom",http://howstat.com/cricket/Statistics/WorldCup/MatchScorecard.asp?MatchCode=2059
2060,28/02/2003,2003,Sri Lanka,West Indies,Sri Lanka,Sri Lanka won by 6 runs,"Newlands, Cape Town",http://howstat.com/cricket/Statistics/WorldCup/MatchScorecard.asp?MatchCode=2060
2061,28/02/2003,2003,Zimbabwe,Netherlands,Zimbabwe,Zimbabwe won by 99 runs,"Queens Sports Club, Bulawayo",http://howstat.com/cricket/Statistics/WorldCup/MatchScorecard.asp?MatchCode=2061
2062,01/03/2003,2003,Kenya,Bangladesh,Kenya,Kenya won by 32 runs,"Wanderers Stadium, Johannesburg",http://howstat.com/cricket/Statistics/WorldCup/MatchScorecard.asp?MatchCode=2062
2063,01/03/2003,2003,Pakistan,India,India,India won by 6 wickets,"SuperSport Park, Centurion",http://howstat.com/cricket/Statistics/WorldCup/MatchScorecard.asp?MatchCode=2063
2064,02/03/2003,2003,Australia,England,Australia,Australia won by 2 wickets,"St George's Park, Port Elizabeth",http://howstat.com/cricket/Statistics/WorldCup/MatchScorecard.asp?MatchCode=2064
2065,03/03/2003,2003,New Zealand,Canada,New Zealand,New Zealand won by 5 wickets,"Willowmoore Park, Benoni",http://howstat.com/cricket/Statistics/WorldCup/MatchScorecard.asp?MatchCode=2065
2066,03/03/2003,2003,South Africa,Sri Lanka,Sri Lanka,Match tied,"Kingsmead, Durban",http://howstat.com/cricket/Statistics/WorldCup/MatchScorecard.asp?MatchCode=2066
2067,03/03/2003,2003,Namibia,Netherlands,Netherlands,Netherlands won by 64 runs,"Mangaung Oval, Bloemfontein",http://howstat.com/cricket/Statistics/WorldCup/MatchScorecard.asp?MatchCode=2067
2068,04/03/2003,2003,West Indies,Kenya,West Indies,West Indies won by 142 runs,"Diamond Oval, Kimberley",http://howstat.com/cricket/Statistics/WorldCup/MatchScorecard.asp?MatchCode=2068
2069,04/03/2003,2003,Zimbabwe,Pakistan,Pakistan,No result,"Queens Sports Club, Bulawayo",http://howstat.com/cricket/Statistics/WorldCup/MatchScorecard.asp?MatchCode=2069
2070,07/03/2003,2003,Australia,Sri Lanka,Australia,Australia won by 96 runs,"SuperSport Park, Centurion",http://howstat.com/cricket/Statistics/WorldCup/MatchScorecard.asp?MatchCode=2070
2071,07/03/2003,2003,India,Kenya,India,India won by 6 wickets,"Newlands, Cape Town",http://howstat.com/cricket/Statistics/WorldCup/MatchScorecard.asp?MatchCode=2071
2072,08/03/2003,2003,Zimbabwe,New Zealand,New Zealand,New Zealand won by 6 wickets,"Mangaung Oval, Bloemfontein",http://howstat.com/cricket/Statistics/WorldCup/MatchScorecard.asp?MatchCode=2072
2073,10/03/2003,2003,India,Sri Lanka,India,India won by 183 runs,"Wanderers Stadium, Johannesburg",http://howstat.com/cricket/Statistics/WorldCup/MatchScorecard.asp?MatchCode=2073
2074,11/03/2003,2003,Australia,New Zealand,Australia,Australia won by 96 runs,"St George's Park, Port Elizabeth",http://howstat.com/cricket/Statistics/WorldCup/MatchScorecard.asp?MatchCode=2074
2075,12/03/2003,2003,Zimbabwe,Kenya,Kenya,Kenya won by 7 wickets,"Mangaung Oval, Bloemfontein",http://howstat.com/cricket/Statistics/WorldCup/MatchScorecard.asp?MatchCode=2075
2076,14/03/2003,2003,India,New Zealand,India,India won by 7 wickets,"SuperSport Park, Centurion",http://howstat.com/cricket/Statistics/WorldCup/MatchScorecard.asp?MatchCode=2076
2077,15/03/2003,2003,Zimbabwe,Sri Lanka,Sri Lanka,Sri Lanka won by 74 runs,"Buffalo Park, East London",http://howstat.com/cricket/Statistics/WorldCup/MatchScorecard.asp?MatchCode=2077
2078,15/03/2003,2003,Australia,Kenya,Australia,Australia won by 5 wickets,"Kingsmead, Durban",http://howstat.com/cricket/Statistics/WorldCup/MatchScorecard.asp?MatchCode=2078
2079,18/03/2003,2003,Australia,Sri Lanka,Australia,Australia won by 48 runs,"St George's Park, Port Elizabeth",http://howstat.com/cricket/Statistics/WorldCup/MatchScorecard.asp?MatchCode=2079
2080,20/03/2003,2003,India,Kenya,India,India won by 91 runs,"Kingsmead, Durban",http://howstat.com/cricket/Statistics/WorldCup/MatchScorecard.asp?MatchCode=2080
2081,23/03/2003,2003,Australia,India,Australia,Australia won by 125 runs,"Wanderers Stadium, Johannesburg",http://howstat.com/cricket/Statistics/WorldCup/MatchScorecard.asp?MatchCode=2081
2638,13/03/2007,2007,West Indies,Pakistan,West Indies,West Indies won by 54 runs,"Sabina Park, Kingston, Jamaica",http://howstat.com/cricket/Statistics/WorldCup/MatchScorecard.asp?MatchCode=2638
2639,14/03/2007,2007,Australia,Scotland,Australia,Australia won by 203 runs,"Warner Park, Basseterre, St Kitts",http://howstat.com/cricket/Statistics/WorldCup/MatchScorecard.asp?MatchCode=2639
2640,14/03/2007,2007,Canada,Kenya,Kenya,Kenya won by 7 wickets,"Darren Sammy National Cricket Stadium, Gros Islet, St Lucia",http://howstat.com/cricket/Statistics/WorldCup/MatchScorecard.asp?MatchCode=2640
2641,15/03/2007,2007,Bermuda,Sri Lanka,Sri Lanka,Sri Lanka won by 243 runs,"Queen's Park Oval, Port-Of-Spain, Trinidad",http://howstat.com/cricket/Statistics/WorldCup/MatchScorecard.asp?MatchCode=2641
2642,15/03/2007,2007,Ireland,Zimbabwe,Zimbabwe,Match tied,"Sabina Park, Kingston, Jamaica",http://howstat.com/cricket/Statistics/WorldCup/MatchScorecard.asp?MatchCode=2642
2643,16/03/2007,2007,England,New Zealand,New Zealand,New Zealand won by 6 wickets,"Darren Sammy National Cricket Stadium, Gros Islet, St Lucia",http://howstat.com/cricket/Statistics/WorldCup/MatchScorecard.asp?MatchCode=2643
2644,16/03/2007,2007,Netherlands,South Africa,South Africa,South Africa won by 221 runs,"Warner Park, Basseterre, St Kitts",http://howstat.com/cricket/Statistics/WorldCup/MatchScorecard.asp?MatchCode=2644
2645,17/03/2007,2007,Bangladesh,India,Bangladesh,Bangladesh won by 5 wickets,"Queen's Park Oval, Port-Of-Spain, Trinidad",http://howstat.com/cricket/Statistics/WorldCup/MatchScorecard.asp?MatchCode=2645
2646,17/03/2007,2007,Ireland,Pakistan,Ireland,Ireland won by 3 wickets,"Sabina Park, Kingston, Jamaica",http://howstat.com/cricket/Statistics/WorldCup/MatchScorecard.asp?MatchCode=2646
2647,18/03/2007,2007,Australia,Netherlands,Australia,Australia won by 229 runs,"Warner Park, Basseterre, St Kitts",http://howstat.com/cricket/Statistics/WorldCup/MatchScorecard.asp?MatchCode=2647
2648,18/03/2007,2007,Canada,England,England,England won by 51 runs,"Darren Sammy National Cricket Stadium, Gros Islet, St Lucia",http://howstat.com/cricket/Statistics/WorldCup/MatchScorecard.asp?MatchCode=2648
2649,19/03/2007,2007,Bermuda,India,India,India won by 257 runs,"Queen's Park Oval, Port-Of-Spain, Trinidad",http://howstat.com/cricket/Statistics/WorldCup/MatchScorecard.asp?MatchCode=2649
2650,19/03/2007,2007,West Indies,Zimbabwe,West Indies,West Indies won by 6 wickets,"Sabina Park, Kingston, Jamaica",http://howstat.com/cricket/Statistics/WorldCup/MatchScorecard.asp?MatchCode=2650
2651,20/03/2007,2007,Kenya,New Zealand,New Zealand,New Zealand won by 148 runs,"Darren Sammy National Cricket Stadium, Gros Islet, St Lucia",http://howstat.com/cricket/Statistics/WorldCup/MatchScorecard.asp?MatchCode=2651
2652,20/03/2007,2007,Scotland,South Africa,South Africa,South Africa won by 7 wickets,"Warner Park, Basseterre, St Kitts",http://howstat.com/cricket/Statistics/WorldCup/MatchScorecard.asp?MatchCode=2652
2653,21/03/2007,2007,Bangladesh,Sri Lanka,Sri Lanka,Sri Lanka won by 198 runs,"Queen's Park Oval, Port-Of-Spain, Trinidad",http://howstat.com/cricket/Statistics/WorldCup/MatchScorecard.asp?MatchCode=2653
2654,21/03/2007,2007,Pakistan,Zimbabwe,Pakistan,Pakistan won by 93 runs,"Sabina Park, Kingston, Jamaica",http://howstat.com/cricket/Statistics/WorldCup/MatchScorecard.asp?MatchCode=2654
2655,22/03/2007,2007,Canada,New Zealand,New Zealand,New Zealand won by 114 runs,"Darren Sammy National Cricket Stadium, Gros Islet, St Lucia",http://howstat.com/cricket/Statistics/WorldCup/MatchScorecard.asp?MatchCode=2655
2656,22/03/2007,2007,Netherlands,Scotland,Netherlands,Netherlands won by 8 wickets,"Warner Park, Basseterre, St Kitts",http://howstat.com/cricket/Statistics/WorldCup/MatchScorecard.asp?MatchCode=2656
2657,23/03/2007,2007,India,Sri Lanka,Sri Lanka,Sri Lanka won by 69 runs,"Queen's Park Oval, Port-Of-Spain, Trinidad",http://howstat.com/cricket/Statistics/WorldCup/MatchScorecard.asp?MatchCode=2657
2658,23/03/2007,2007,West Indies,Ireland,West Indies,West Indies won by 8 wickets,"Queen's Park Oval, Port-Of-Spain, Trinidad",http://howstat.com/cricket/Statistics/WorldCup/MatchScorecard.asp?MatchCode=2658
2659,24/03/2007,2007,Australia,South Africa,Australia,Australia won by 83 runs,"Warner Park, Basseterre, St Kitts",http://howstat.com/cricket/Statistics/WorldCup/MatchScorecard.asp?MatchCode=2659
2660,24/03/2007,2007,England,Kenya,England,England won by 7 wickets,"Darren Sammy National Cricket Stadium, Gros Islet, St Lucia",http://howstat.com/cricket/Statistics/WorldCup/MatchScorecard.asp?MatchCode=2660
2661,25/03/2007,2007,Bangladesh,Bermuda,Bangladesh,Bangladesh won by 7 wickets,"Queen's Park Oval, Port-Of-Spain, Trinidad",http://howstat.com/cricket/Statistics/WorldCup/MatchScorecard.asp?MatchCode=2661
2662,27/03/2007,2007,West Indies,Australia,Australia,Australia won by 103 runs,"Sir Vivian Richards Stadium, North Sound, Antigua",http://howstat.com/cricket/Statistics/WorldCup/MatchScorecard.asp?MatchCode=2662
2663,28/03/2007,2007,South Africa,Sri Lanka,South Africa,South Africa won by 1 wicket,"Providence Stadium, Providence, Guyana",http://howstat.com/cricket/Statistics/WorldCup/MatchScorecard.asp?MatchCode=2663
2664,29/03/2007,2007,West Indies,New Zealand,New Zealand,New Zealand won by 7 wickets,"Sir Vivian Richards Stadium, North Sound, Antigua",http://howstat.com/cricket/Statistics/WorldCup/MatchScorecard.asp?MatchCode=2664
2665,30/03/2007,2007,England,Ireland,England,England won by 48 runs,"Providence Stadium, Providence, Guyana",http://howstat.com/cricket/Statistics/WorldCup/MatchScorecard.asp?MatchCode=2665
2666,31/03/2007,2007,Australia,Bangladesh,Australia,Australia won by 10 wickets,"Sir Vivian Richards Stadium, North Sound, Antigua",http://howstat.com/cricket/Statistics/WorldCup/MatchScorecard.asp?MatchCode=2666
2667,01/04/2007,2007,West Indies,Sri Lanka,Sri Lanka,Sri Lanka won by 113 runs,"Providence Stadium, Providence, Guyana",http://howstat.com/cricket/Statistics/WorldCup/MatchScorecard.asp?MatchCode=2667
2668,02/04/2007,2007,Bangladesh,New Zealand,New Zealand,New Zealand won by 9 wickets,"Sir Vivian Richards Stadium, North Sound, Antigua",http://howstat.com/cricket/Statistics/WorldCup/MatchScorecard.asp?MatchCode=2668
2669,03/04/2007,2007,Ireland,South Africa,South Africa,South Africa won by 7 wickets,"Providence Stadium, Providence, Guyana",http://howstat.com/cricket/Statistics/WorldCup/MatchScorecard.asp?MatchCode=2669
2670,04/04/2007,2007,England,Sri Lanka,Sri Lanka,Sri Lanka won by 2 runs,"Sir Vivian Richards Stadium, North Sound, Antigua",http://howstat.com/cricket/Statistics/WorldCup/MatchScorecard.asp?MatchCode=2670
2671,07/04/2007,2007,Bangladesh,South Africa,Bangladesh,Bangladesh won by 67 runs,"Providence Stadium, Providence, Guyana",http://howstat.com/cricket/Statistics/WorldCup/MatchScorecard.asp?MatchCode=2671
2672,08/04/2007,2007,Australia,England,Australia,Australia won by 7 wickets,"Sir Vivian Richards Stadium, North Sound, Antigua",http://howstat.com/cricket/Statistics/WorldCup/MatchScorecard.asp?MatchCode=2672
2673,09/04/2007,2007,Ireland,New Zealand,New Zealand,New Zealand won by 129 runs,"Providence Stadium, Providence, Guyana",http://howstat.com/cricket/Statistics/WorldCup/MatchScorecard.asp?MatchCode=2673
2674,10/04/2007,2007,West Indies,South Africa,South Africa,South Africa won by 67 runs,"National Cricket Stadium, St. George's, Grenada",http://howstat.com/cricket/Statistics/WorldCup/MatchScorecard.asp?MatchCode=2674
2675,11/04/2007,2007,Bangladesh,England,England,England won by 4 wickets,"Kensington Oval, Bridgetown, Barbados",http://howstat.com/cricket/Statistics/WorldCup/MatchScorecard.asp?MatchCode=2675
2676,12/04/2007,2007,New Zealand,Sri Lanka,Sri Lanka,Sri Lanka won by 6 wickets,"National Cricket Stadium, St. George's, Grenada",http://howstat.com/cricket/Statistics/WorldCup/MatchScorecard.asp?MatchCode=2676
2677,13/04/2007,2007,Australia,Ireland,Australia,Australia won by 9 wickets,"Kensington Oval, Bridgetown, Barbados",http://howstat.com/cricket/Statistics/WorldCup/MatchScorecard.asp?MatchCode=2677
2678,14/04/2007,2007,New Zealand,South Africa,New Zealand,New Zealand won by 5 wickets,"National Cricket Stadium, St. George's, Grenada",http://howstat.com/cricket/Statistics/WorldCup/MatchScorecard.asp?MatchCode=2678
2679,15/04/2007,2007,Bangladesh,Ireland,Ireland,Ireland won by 74 runs,"Kensington Oval, Bridgetown, Barbados",http://howstat.com/cricket/Statistics/WorldCup/MatchScorecard.asp?MatchCode=2679
2680,16/04/2007,2007,Australia,Sri Lanka,Australia,Australia won by 7 wickets,"National Cricket Stadium, St. George's, Grenada",http://howstat.com/cricket/Statistics/WorldCup/MatchScorecard.asp?MatchCode=2680
2681,17/04/2007,2007,England,South Africa,South Africa,South Africa won by 9 wickets,"Kensington Oval, Bridgetown, Barbados",http://howstat.com/cricket/Statistics/WorldCup/MatchScorecard.asp?MatchCode=2681
2682,18/04/2007,2007,Ireland,Sri Lanka,Sri Lanka,Sri Lanka won by 8 wickets,"National Cricket Stadium, St. George's, Grenada",http://howstat.com/cricket/Statistics/WorldCup/MatchScorecard.asp?MatchCode=2682
2683,19/04/2007,2007,West Indies,Bangladesh,West Indies,West Indies won by 99 runs,"Kensington Oval, Bridgetown, Barbados",http://howstat.com/cricket/Statistics/WorldCup/MatchScorecard.asp?MatchCode=2683
2684,20/04/2007,2007,Australia,New Zealand,Australia,Australia won by 215 runs,"National Cricket Stadium, St. George's, Grenada",http://howstat.com/cricket/Statistics/WorldCup/MatchScorecard.asp?MatchCode=2684
2685,21/04/2007,2007,West Indies,England,England,England won by 1 wicket,"Kensington Oval, Bridgetown, Barbados",http://howstat.com/cricket/Statistics/WorldCup/MatchScorecard.asp?MatchCode=2685
2686,24/04/2007,2007,New Zealand,Sri Lanka,Sri Lanka,Sri Lanka won by 81 runs,"Sabina Park, Kingston, Jamaica",http://howstat.com/cricket/Statistics/WorldCup/MatchScorecard.asp?MatchCode=2686
2687,25/04/2007,2007,Australia,South Africa,Australia,Australia won by 7 wickets,"Darren Sammy National Cricket Stadium, Gros Islet, St Lucia",http://howstat.com/cricket/Statistics/WorldCup/MatchScorecard.asp?MatchCode=2687
2688,28/04/2007,2007,Australia,Sri Lanka,Australia,Australia won by 53 runs,"Kensington Oval, Bridgetown, Barbados",http://howstat.com/cricket/Statistics/WorldCup/MatchScorecard.asp?MatchCode=2688
3235,19/02/2011,2011,Bangladesh,India,India,India won by 87 runs,"Shere Bangla National Stadium, Mirpur, Dhaka",http://howstat.com/cricket/Statistics/WorldCup/MatchScorecard.asp?MatchCode=3235
3236,20/02/2011,2011,Kenya,New Zealand,New Zealand,New Zealand won by 10 wickets,"MA Chidambaram Stadium, Chennai",http://howstat.com/cricket/Statistics/WorldCup/MatchScorecard.asp?MatchCode=3236
3237,20/02/2011,2011,Sri Lanka,Canada,Sri Lanka,Sri Lanka won by 210 runs,"Mahinda Rajapaksha International Cricket Stadium, Hambantota",http://howstat.com/cricket/Statistics/WorldCup/MatchScorecard.asp?MatchCode=3237
3238,21/02/2011,2011,Australia,Zimbabwe,Australia,Australia won by 91 runs,"Sardar Patel Stadium, Ahmedabad",http://howstat.com/cricket/Statistics/WorldCup/MatchScorecard.asp?MatchCode=3238
3239,22/02/2011,2011,England,Netherlands,England,England won by 6 wickets,"Vidarbha Cricket Association Stadium, Nagpur",http://howstat.com/cricket/Statistics/WorldCup/MatchScorecard.asp?MatchCode=3239
3240,23/02/2011,2011,Kenya,Pakistan,Pakistan,Pakistan won by 205 runs,"Mahinda Rajapaksha International Cricket Stadium, Hambantota",http://howstat.com/cricket/Statistics/WorldCup/MatchScorecard.asp?MatchCode=3240
3241,24/02/2011,2011,South Africa,West Indies,South Africa,South Africa won by 7 wickets,"Feroz Shah Kotla, Delhi",http://howstat.com/cricket/Statistics/WorldCup/MatchScorecard.asp?MatchCode=3241
3242,25/02/2011,2011,Australia,New Zealand,Australia,Australia won by 7 wickets,"Vidarbha Cricket Association Stadium, Nagpur",http://howstat.com/cricket/Statistics/WorldCup/MatchScorecard.asp?MatchCode=3242
3243,25/02/2011,2011,Bangladesh,Ireland,Bangladesh,Bangladesh won by 27 runs,"Shere Bangla National Stadium, Mirpur, Dhaka",http://howstat.com/cricket/Statistics/WorldCup/MatchScorecard.asp?MatchCode=3243
3244,26/02/2011,2011,Sri Lanka,Pakistan,Pakistan,Pakistan won by 11 runs,"R Premadasa Stadium, Colombo",http://howstat.com/cricket/Statistics/WorldCup/MatchScorecard.asp?MatchCode=3244
3245,27/02/2011,2011,India,England,England,Match tied,"M Chinnaswamy Stadium, Bengaluru, Bangalore",http://howstat.com/cricket/Statistics/WorldCup/MatchScorecard.asp?MatchCode=3245
3246,28/02/2011,2011,Canada,Zimbabwe,Zimbabwe,Zimbabwe won by 175 runs,"Vidarbha Cricket Association Stadium, Nagpur",http://howstat.com/cricket/Statistics/WorldCup/MatchScorecard.asp?MatchCode=3246
3247,28/02/2011,2011,Netherlands,West Indies,West Indies,West Indies won by 215 runs,"Feroz Shah Kotla, Delhi",http://howstat.com/cricket/Statistics/WorldCup/MatchScorecard.asp?MatchCode=3247
3248,01/03/2011,2011,Sri Lanka,Kenya,Sri Lanka,Sri Lanka won by 9 wickets,"R Premadasa Stadium, Colombo",http://howstat.com/cricket/Statistics/WorldCup/MatchScorecard.asp?MatchCode=3248
3249,02/03/2011,2011,England,Ireland,Ireland,Ireland won by 3 wickets,"M Chinnaswamy Stadium, Bengaluru, Bangalore",http://howstat.com/cricket/Statistics/WorldCup/MatchScorecard.asp?MatchCode=3249
3250,03/03/2011,2011,Netherlands,South Africa,South Africa,South Africa won by 231 runs,"Punjab Cricket Association IS Bindra Stadium, Mohali, Chandigarh",http://howstat.com/cricket/Statistics/WorldCup/MatchScorecard.asp?MatchCode=3250
3251,03/03/2011,2011,Canada,Pakistan,Pakistan,Pakistan won by 46 runs,"R Premadasa Stadium, Colombo",http://howstat.com/cricket/Statistics/WorldCup/MatchScorecard.asp?MatchCode=3251
3252,04/03/2011,2011,New Zealand,Zimbabwe,New Zealand,New Zealand won by 10 wickets,"Sardar Patel Stadium, Ahmedabad",http://howstat.com/cricket/Statistics/WorldCup/MatchScorecard.asp?MatchCode=3252
3253,04/03/2011,2011,Bangladesh,West Indies,West Indies,West Indies won by 9 wickets,"Shere Bangla National Stadium, Mirpur, Dhaka",http://howstat.com/cricket/Statistics/WorldCup/MatchScorecard.asp?MatchCode=3253
3254,05/03/2011,2011,Sri Lanka,Australia,Australia,No result,"R Premadasa Stadium, Colombo",http://howstat.com/cricket/Statistics/WorldCup/MatchScorecard.asp?MatchCode=3254
3255,06/03/2011,2011,England,South Africa,England,England won by 6 runs,"MA Chidambaram Stadium, Chennai",http://howstat.com/cricket/Statistics/WorldCup/MatchScorecard.asp?MatchCode=3255
3256,06/03/2011,2011,India,Ireland,India,India won by 5 wickets,"M Chinnaswamy Stadium, Bengaluru, Bangalore",http://howstat.com/cricket/Statistics/WorldCup/MatchScorecard.asp?MatchCode=3256
3257,07/03/2011,2011,Canada,Kenya,Canada,Canada won by 5 wickets,"Feroz Shah Kotla, Delhi",http://howstat.com/cricket/Statistics/WorldCup/MatchScorecard.asp?MatchCode=3257
3258,08/03/2011,2011,New Zealand,Pakistan,New Zealand,New Zealand won by 110 runs,"Pallekele International Cricket Stadium, Pallekele, Kandy",http://howstat.com/cricket/Statistics/WorldCup/MatchScorecard.asp?MatchCode=3258
3259,09/03/2011,2011,India,Netherlands,India,India won by 5 wickets,"Feroz Shah Kotla, Delhi",http://howstat.com/cricket/Statistics/WorldCup/MatchScorecard.asp?MatchCode=3259
3260,10/03/2011,2011,Sri Lanka,Zimbabwe,Sri Lanka,Sri Lanka won by 139 runs,"Pallekele International Cricket Stadium, Pallekele, Kandy",http://howstat.com/cricket/Statistics/WorldCup/MatchScorecard.asp?MatchCode=3260
3261,11/03/2011,2011,Ireland,West Indies,West Indies,West Indies won by 44 runs,"Punjab Cricket Association IS Bindra Stadium, Mohali, Chandigarh",http://howstat.com/cricket/Statistics/WorldCup/MatchScorecard.asp?MatchCode=3261
3262,11/03/2011,2011,Bangladesh,England,Bangladesh,Bangladesh won by 2 wickets,"Zahur Ahmed Chowdhury Stadium, Chittagong",http://howstat.com/cricket/Statistics/WorldCup/MatchScorecard.asp?MatchCode=3262
3263,12/03/2011,2011,India,South Africa,South Africa,South Africa won by 3 wickets,"Vidarbha Cricket Association Stadium, Nagpur",http://howstat.com/cricket/Statistics/WorldCup/MatchScorecard.asp?MatchCode=3263
3264,13/03/2011,2011,Canada,New Zealand,New Zealand,New Zealand won by 97 runs,"Wankhede Stadium, Mumbai",http://howstat.com/cricket/Statistics/WorldCup/MatchScorecard.asp?MatchCode=3264
3265,13/03/2011,2011,Australia,Kenya,Australia,Australia won by 60 runs,"M Chinnaswamy Stadium, Bengaluru, Bangalore",http://howstat.com/cricket/Statistics/WorldCup/MatchScorecard.asp?MatchCode=3265
3266,14/03/2011,2011,Bangladesh,Netherlands,Bangladesh,Bangladesh won by 6 wickets,"Zahur Ahmed Chowdhury Stadium, Chittagong",http://howstat.com/cricket/Statistics/WorldCup/MatchScorecard.asp?MatchCode=3266
3267,14/03/2011,2011,Pakistan,Zimbabwe,Pakistan,Pakistan won by 7 wickets,"Pallekele International Cricket Stadium, Pallekele, Kandy",http://howstat.com/cricket/Statistics/WorldCup/MatchScorecard.asp?MatchCode=3267
3268,15/03/2011,2011,Ireland,South Africa,South Africa,South Africa won by 131 runs,"Eden Gardens, Kolkata",http://howstat.com/cricket/Statistics/WorldCup/MatchScorecard.asp?MatchCode=3268
3269,16/03/2011,2011,Australia,Canada,Australia,Australia won by 7 wickets,"M Chinnaswamy Stadium, Bengaluru, Bangalore",http://howstat.com/cricket/Statistics/WorldCup/MatchScorecard.asp?MatchCode=3269
3270,17/03/2011,2011,England,West Indies,England,England won by 18 runs,"MA Chidambaram Stadium, Chennai",http://howstat.com/cricket/Statistics/WorldCup/MatchScorecard.asp?MatchCode=3270
3271,18/03/2011,2011,Ireland,Netherlands,Ireland,Ireland won by 6 wickets,"Eden Gardens, Kolkata",http://howstat.com/cricket/Statistics/WorldCup/MatchScorecard.asp?MatchCode=3271
3272,18/03/2011,2011,New Zealand,Sri Lanka,Sri Lanka,Sri Lanka won by 112 runs,"Wankhede Stadium, Mumbai",http://howstat.com/cricket/Statistics/WorldCup/MatchScorecard.asp?MatchCode=3272
3273,19/03/2011,2011,Bangladesh,South Africa,South Africa,South Africa won by 206 runs,"Shere Bangla National Stadium, Mirpur, Dhaka",http://howstat.com/cricket/Statistics/WorldCup/MatchScorecard.asp?MatchCode=3273
3274,19/03/2011,2011,Australia,Pakistan,Pakistan,Pakistan won by 4 wickets,"R Premadasa Stadium, Colombo",http://howstat.com/cricket/Statistics/WorldCup/MatchScorecard.asp?MatchCode=3274
3275,20/03/2011,2011,Kenya,Zimbabwe,Zimbabwe,Zimbabwe won by 161 runs,"Eden Gardens, Kolkata",http://howstat.com/cricket/Statistics/WorldCup/MatchScorecard.asp?MatchCode=3275
3276,20/03/2011,2011,India,West Indies,India,India won by 80 runs,"MA Chidambaram Stadium, Chennai",http://howstat.com/cricket/Statistics/WorldCup/MatchScorecard.asp?MatchCode=3276
3277,23/03/2011,2011,Pakistan,West Indies,Pakistan,Pakistan won by 10 wickets,"Shere Bangla National Stadium, Mirpur, Dhaka",http://howstat.com/cricket/Statistics/WorldCup/MatchScorecard.asp?MatchCode=3277
3278,24/03/2011,2011,India,Australia,India,India won by 5 wickets,"Sardar Patel Stadium, Ahmedabad",http://howstat.com/cricket/Statistics/WorldCup/MatchScorecard.asp?MatchCode=3278
3279,25/03/2011,2011,New Zealand,South Africa,New Zealand,New Zealand won by 49 runs,"Shere Bangla National Stadium, Mirpur, Dhaka",http://howstat.com/cricket/Statistics/WorldCup/MatchScorecard.asp?MatchCode=3279
3280,26/03/2011,2011,Sri Lanka,England,Sri Lanka,Sri Lanka won by 10 wickets,"R Premadasa Stadium, Colombo",http://howstat.com/cricket/Statistics/WorldCup/MatchScorecard.asp?MatchCode=3280
3281,29/03/2011,2011,Sri Lanka,New Zealand,Sri Lanka,Sri Lanka won by 5 wickets,"R Premadasa Stadium, Colombo",http://howstat.com/cricket/Statistics/WorldCup/MatchScorecard.asp?MatchCode=3281
3282,30/03/2011,2011,India,Pakistan,India,India won by 29 runs,"Punjab Cricket Association IS Bindra Stadium, Mohali, Chandigarh",http://howstat.com/cricket/Statistics/WorldCup/MatchScorecard.asp?MatchCode=3282
3283,02/04/2011,2011,India,Sri Lanka,India,India won by 6 wickets,"Wankhede Stadium, Mumbai",http://howstat.com/cricket/Statistics/WorldCup/MatchScorecard.asp?MatchCode=3283
3748,14/02/2015,2015,New Zealand,Sri Lanka,New Zealand,New Zealand won by 98 runs,"Hagley Oval, Christchurch",http://howstat.com/cricket/Statistics/WorldCup/MatchScorecard.asp?MatchCode=3748
3749,14/02/2015,2015,Australia,England,Australia,Australia won by 111 runs,"Melbourne Cricket Ground, Melbourne",http://howstat.com/cricket/Statistics/WorldCup/MatchScorecard.asp?MatchCode=3749
3750,15/02/2015,2015,South Africa,Zimbabwe,South Africa,South Africa won by 62 runs,"Seddon Park, Hamilton",http://howstat.com/cricket/Statistics/WorldCup/MatchScorecard.asp?MatchCode=3750
3751,15/02/2015,2015,India,Pakistan,India,India won by 76 runs,"Adelaide Oval, Adelaide",http://howstat.com/cricket/Statistics/WorldCup/MatchScorecard.asp?MatchCode=3751
3752,16/02/2015,2015,Ireland,West Indies,Ireland,Ireland won by 4 wickets,"Saxton Oval, Nelson",http://howstat.com/cricket/Statistics/WorldCup/MatchScorecard.asp?MatchCode=3752
3753,17/02/2015,2015,New Zealand,Scotland,New Zealand,New Zealand won by 3 wickets,"University Oval, Dunedin",http://howstat.com/cricket/Statistics/WorldCup/MatchScorecard.asp?MatchCode=3753
3754,18/02/2015,2015,Afghanistan,Bangladesh,Bangladesh,Bangladesh won by 105 runs,"Manuka Oval, Canberra",http://howstat.com/cricket/Statistics/WorldCup/MatchScorecard.asp?MatchCode=3754
3755,19/02/2015,2015,United Arab Emirates,Zimbabwe,Zimbabwe,Zimbabwe won by 4 wickets,"Saxton Oval, Nelson",http://howstat.com/cricket/Statistics/WorldCup/MatchScorecard.asp?MatchCode=3755
3756,20/02/2015,2015,New Zealand,England,New Zealand,New Zealand won by 8 wickets,"Westpac Stadium, Wellington",http://howstat.com/cricket/Statistics/WorldCup/MatchScorecard.asp?MatchCode=3756
3757,21/02/2015,2015,Pakistan,West Indies,West Indies,West Indies won by 150 runs,"Hagley Oval, Christchurch",http://howstat.com/cricket/Statistics/WorldCup/MatchScorecard.asp?MatchCode=3757
3758,21/02/2015,2015,Australia,Bangladesh,Bangladesh,Match abandoned,"Brisbane Cricket Ground, Brisbane",http://howstat.com/cricket/Statistics/WorldCup/MatchScorecard.asp?MatchCode=3758
3759,22/02/2015,2015,Afghanistan,Sri Lanka,Sri Lanka,Sri Lanka won by 4 wickets,"University Oval, Dunedin",http://howstat.com/cricket/Statistics/WorldCup/MatchScorecard.asp?MatchCode=3759
3760,22/02/2015,2015,India,South Africa,India,India won by 130 runs,"Melbourne Cricket Ground, Melbourne",http://howstat.com/cricket/Statistics/WorldCup/MatchScorecard.asp?MatchCode=3760
3761,23/02/2015,2015,England,Scotland,England,England won by 119 runs,"Hagley Oval, Christchurch",http://howstat.com/cricket/Statistics/WorldCup/MatchScorecard.asp?MatchCode=3761
3762,24/02/2015,2015,West Indies,Zimbabwe,West Indies,West Indies won by 73 runs,"Manuka Oval, Canberra",http://howstat.com/cricket/Statistics/WorldCup/MatchScorecard.asp?MatchCode=3762
3763,25/02/2015,2015,Ireland,United Arab Emirates,Ireland,Ireland won by 2 wickets,"Brisbane Cricket Ground, Brisbane",http://howstat.com/cricket/Statistics/WorldCup/MatchScorecard.asp?MatchCode=3763
3764,26/02/2015,2015,Afghanistan,Scotland,Afghanistan,Afghanistan won by 1 wicket,"University Oval, Dunedin",http://howstat.com/cricket/Statistics/WorldCup/MatchScorecard.asp?MatchCode=3764
3765,26/02/2015,2015,Bangladesh,Sri Lanka,Sri Lanka,Sri Lanka won by 92 runs,"Melbourne Cricket Ground, Melbourne",http://howstat.com/cricket/Statistics/WorldCup/MatchScorecard.asp?MatchCode=3765
3766,27/02/2015,2015,South Africa,West Indies,South Africa,South Africa won by 257 runs,"Sydney Cricket Ground, Sydney",http://howstat.com/cricket/Statistics/WorldCup/MatchScorecard.asp?MatchCode=3766
3767,28/02/2015,2015,New Zealand,Australia,New Zealand,New Zealand won by 1 wicket,"Eden Park, Auckland",http://howstat.com/cricket/Statistics/WorldCup/MatchScorecard.asp?MatchCode=3767
3768,28/02/2015,2015,India,United Arab Emirates,India,India won by 9 wickets,"WACA Ground, Perth",http://howstat.com/cricket/Statistics/WorldCup/MatchScorecard.asp?MatchCode=3768
3769,01/03/2015,2015,England,Sri Lanka,Sri Lanka,Sri Lanka won by 9 wickets,"Westpac Stadium, Wellington",http://howstat.com/cricket/Statistics/WorldCup/MatchScorecard.asp?MatchCode=3769
3770,01/03/2015,2015,Pakistan,Zimbabwe,Pakistan,Pakistan won by 20 runs,"Brisbane Cricket Ground, Brisbane",http://howstat.com/cricket/Statistics/WorldCup/MatchScorecard.asp?MatchCode=3770
3771,03/03/2015,2015,Ireland,South Africa,South Africa,South Africa won by 201 runs,"Manuka Oval, Canberra",http://howstat.com/cricket/Statistics/WorldCup/MatchScorecard.asp?MatchCode=3771
3772,04/03/2015,2015,Pakistan,United Arab Emirates,Pakistan,Pakistan won by 129 runs,"McLean Park, Napier",http://howstat.com/cricket/Statistics/WorldCup/MatchScorecard.asp?MatchCode=3772
3773,04/03/2015,2015,Australia,Afghanistan,Australia,Australia won by 275 runs,"WACA Ground, Perth",http://howstat.com/cricket/Statistics/WorldCup/MatchScorecard.asp?MatchCode=3773
3774,04/03/2015,2015,Bangladesh,Scotland,Bangladesh,Bangladesh won by 6 wickets,"Saxton Oval, Nelson",http://howstat.com/cricket/Statistics/WorldCup/MatchScorecard.asp?MatchCode=3774
3775,06/03/2015,2015,India,West Indies,India,India won by 4 wickets,"WACA Ground, Perth",http://howstat.com/cricket/Statistics/WorldCup/MatchScorecard.asp?MatchCode=3775
3776,07/03/2015,2015,Pakistan,South Africa,Pakistan,Pakistan won by 29 runs,"Eden Park, Auckland",http://howstat.com/cricket/Statistics/WorldCup/MatchScorecard.asp?MatchCode=3776
3777,07/03/2015,2015,Ireland,Zimbabwe,Ireland,Ireland won by 5 runs,"Bellerive Oval, Hobart",http://howstat.com/cricket/Statistics/WorldCup/MatchScorecard.asp?MatchCode=3777
3778,08/03/2015,2015,New Zealand,Afghanistan,New Zealand,New Zealand won by 6 wickets,"McLean Park, Napier",http://howstat.com/cricket/Statistics/WorldCup/MatchScorecard.asp?MatchCode=3778
3779,08/03/2015,2015,Australia,Sri Lanka,Australia,Australia won by 64 runs,"Sydney Cricket Ground, Sydney",http://howstat.com/cricket/Statistics/WorldCup/MatchScorecard.asp?MatchCode=3779
3780,09/03/2015,2015,Bangladesh,England,Bangladesh,Bangladesh won by 15 runs,"Adelaide Oval, Adelaide",http://howstat.com/cricket/Statistics/WorldCup/MatchScorecard.asp?MatchCode=3780
3781,10/03/2015,2015,India,Ireland,India,India won by 8 wickets,"Seddon Park, Hamilton",http://howstat.com/cricket/Statistics/WorldCup/MatchScorecard.asp?MatchCode=3781
3782,11/03/2015,2015,Scotland,Sri Lanka,Sri Lanka,Sri Lanka won by 148 runs,"Bellerive Oval, Hobart",http://howstat.com/cricket/Statistics/WorldCup/MatchScorecard.asp?MatchCode=3782
3783,11/03/2015,2015,South Africa,United Arab Emirates,South Africa,South Africa won by 146 runs,"Westpac Stadium, Wellington",http://howstat.com/cricket/Statistics/WorldCup/MatchScorecard.asp?MatchCode=3783
3784,13/03/2015,2015,New Zealand,Bangladesh,New Zealand,New Zealand won by 3 wickets,"Seddon Park, Hamilton",http://howstat.com/cricket/Statistics/WorldCup/MatchScorecard.asp?MatchCode=3784
3785,13/03/2015,2015,Afghanistan,England,England,England won by 9 wickets,"Sydney Cricket Ground, Sydney",http://howstat.com/cricket/Statistics/WorldCup/MatchScorecard.asp?MatchCode=3785
3786,14/03/2015,2015,India,Zimbabwe,India,India won by 6 wickets,"Eden Park, Auckland",http://howstat.com/cricket/Statistics/WorldCup/MatchScorecard.asp?MatchCode=3786
3787,14/03/2015,2015,Australia,Scotland,Australia,Australia won by 7 wickets,"Bellerive Oval, Hobart",http://howstat.com/cricket/Statistics/WorldCup/MatchScorecard.asp?MatchCode=3787
3788,15/03/2015,2015,United Arab Emirates,West Indies,West Indies,West Indies won by 6 wickets,"McLean Park, Napier",http://howstat.com/cricket/Statistics/WorldCup/MatchScorecard.asp?MatchCode=3788
3789,15/03/2015,2015,Ireland,Pakistan,Pakistan,Pakistan won by 7 wickets,"Adelaide Oval, Adelaide",http://howstat.com/cricket/Statistics/WorldCup/MatchScorecard.asp?MatchCode=3789
3790,18/03/2015,2015,South Africa,Sri Lanka,South Africa,South Africa won by 9 wickets,"Sydney Cricket Ground, Sydney",http://howstat.com/cricket/Statistics/WorldCup/MatchScorecard.asp?MatchCode=3790
3791,19/03/2015,2015,Bangladesh,India,India,India won by 109 runs,"Melbourne Cricket Ground, Melbourne",http://howstat.com/cricket/Statistics/WorldCup/MatchScorecard.asp?MatchCode=3791
3792,20/03/2015,2015,Australia,Pakistan,Australia,Australia won by 6 wickets,"Adelaide Oval, Adelaide",http://howstat.com/cricket/Statistics/WorldCup/MatchScorecard.asp?MatchCode=3792
3793,21/03/2015,2015,New Zealand,West Indies,New Zealand,New Zealand won by 143 runs,"Westpac Stadium, Wellington",http://howstat.com/cricket/Statistics/WorldCup/MatchScorecard.asp?MatchCode=3793
3794,24/03/2015,2015,New Zealand,South Africa,New Zealand,New Zealand won by 4 wickets,"Eden Park, Auckland",http://howstat.com/cricket/Statistics/WorldCup/MatchScorecard.asp?MatchCode=3794
3795,26/03/2015,2015,Australia,India,Australia,Australia won by 95 runs,"Sydney Cricket Ground, Sydney",http://howstat.com/cricket/Statistics/WorldCup/MatchScorecard.asp?MatchCode=3795
3796,29/03/2015,2015,Australia,New Zealand,Australia,Australia won by 7 wickets,"Melbourne Cricket Ground, Melbourne",http://howstat.com/cricket/Statistics/WorldCup/MatchScorecard.asp?MatchCode=3796
4303,30/05/2019,2019,England,South Africa,England,England won by 104 runs,"Kennington Oval, London",http://howstat.com/cricket/Statistics/WorldCup/MatchScorecard.asp?MatchCode=4303
4304,31/05/2019,2019,Pakistan,West Indies,West Indies,West Indies won by 7 wickets,"Trent Bridge, Nottingham",http://howstat.com/cricket/Statistics/WorldCup/MatchScorecard.asp?MatchCode=4304
4305,01/06/2019,2019,New Zealand,Sri Lanka,New Zealand,New Zealand won by 10 wickets,"Sophia Gardens, Cardiff",http://howstat.com/cricket/Statistics/WorldCup/MatchScorecard.asp?MatchCode=4305
4306,01/06/2019,2019,Afghanistan,Australia,Australia,Australia won by 7 wickets,"County Ground, Bristol",http://howstat.com/cricket/Statistics/WorldCup/MatchScorecard.asp?MatchCode=4306
4307,02/06/2019,2019,Bangladesh,South Africa,Bangladesh,Bangladesh won by 21 runs,"Kennington Oval, London",http://howstat.com/cricket/Statistics/WorldCup/MatchScorecard.asp?MatchCode=4307
4308,03/06/2019,2019,England,Pakistan,Pakistan,Pakistan won by 14 runs,"Trent Bridge, Nottingham",http://howstat.com/cricket/Statistics/WorldCup/MatchScorecard.asp?MatchCode=4308
4309,04/06/2019,2019,Afghanistan,Sri Lanka,Sri Lanka,Sri Lanka won by 34 runs,"Sophia Gardens, Cardiff",http://howstat.com/cricket/Statistics/WorldCup/MatchScorecard.asp?MatchCode=4309
4310,05/06/2019,2019,India,South Africa,India,India won by 6 wickets,"The Rose Bowl, Southampton",http://howstat.com/cricket/Statistics/WorldCup/MatchScorecard.asp?MatchCode=4310
4311,05/06/2019,2019,Bangladesh,New Zealand,New Zealand,New Zealand won by 2 wickets,"Kennington Oval, London",http://howstat.com/cricket/Statistics/WorldCup/MatchScorecard.asp?MatchCode=4311
4312,06/06/2019,2019,Australia,West Indies,Australia,Australia won by 15 runs,"Trent Bridge, Nottingham",http://howstat.com/cricket/Statistics/WorldCup/MatchScorecard.asp?MatchCode=4312
4313,07/06/2019,2019,Pakistan,Sri Lanka,Sri Lanka,Match abandoned,"County Ground, Bristol",http://howstat.com/cricket/Statistics/WorldCup/MatchScorecard.asp?MatchCode=4313
4314,08/06/2019,2019,England,Bangladesh,England,England won by 106 runs,"Sophia Gardens, Cardiff",http://howstat.com/cricket/Statistics/WorldCup/MatchScorecard.asp?MatchCode=4314
4315,08/06/2019,2019,Afghanistan,New Zealand,New Zealand,New Zealand won by 7 wickets,"The Cooper Associates County Ground, Taunton",http://howstat.com/cricket/Statistics/WorldCup/MatchScorecard.asp?MatchCode=4315
4316,09/06/2019,2019,Australia,India,India,India won by 36 runs,"Kennington Oval, London",http://howstat.com/cricket/Statistics/WorldCup/MatchScorecard.asp?MatchCode=4316
4317,10/06/2019,2019,South Africa,West Indies,West Indies,No result,"The Rose Bowl, Southampton",http://howstat.com/cricket/Statistics/WorldCup/MatchScorecard.asp?MatchCode=4317
4318,11/06/2019,2019,Bangladesh,Sri Lanka,Sri Lanka,Match abandoned,"County Ground, Bristol",http://howstat.com/cricket/Statistics/WorldCup/MatchScorecard.asp?MatchCode=4318
4319,12/06/2019,2019,Australia,Pakistan,Australia,Australia won by 41 runs,"The Cooper Associates County Ground, Taunton",http://howstat.com/cricket/Statistics/WorldCup/MatchScorecard.asp?MatchCode=4319
